name,description,exchange,close,currency,change,Perf.W,Perf.1M,Perf.3M,Perf.6M,Perf.YTD,Perf.Y,Perf.5Y,Perf.10Y,Perf.All,Volatility.W,Volatility.M,SMA10,SMA30,SMA50,SMA100,SMA200,RSI,trend_score,trend_label,rsi_state
WMT,Walmart Inc.,NASDAQ,131.47,USD,0.86,0.47,4.10,1.62,31.21,17.99,36.24,184.14,493.28,747823.54,2.26,2.07,130.48,128.24,126.37,123.48,113.74,57.84,7,STRONG_UP,NEUTRAL
COST,Costco Wholesale Corporation,NASDAQ,1033.08,USD,1.10,2.15,3.47,5.55,11.43,19.97,1.91,170.34,605.99,40881.41,2.08,1.89,1012.65,1006.05,999.43,973.85,953.36,60.80,7,STRONG_UP,NEUTRAL
CAT,Caterpillar Inc.,NYSE,902.30,USD,-1.08,-1.23,14.44,16.17,64.37,56.22,158.59,272.85,1159.67,26069.29,3.26,2.94,902.02,823.89,774.72,721.69,610.32,63.73,7,STRONG_UP,NEUTRAL
LRCX,Lam Research Corporation,NASDAQ,295.44,USD,2.14,2.94,12.28,25.01,100.29,66.12,258.72,395.70,3853.43,132848.67,3.98,4.15,280.74,262.27,244.94,230.71,181.75,64.51,7,STRONG_UP,NEUTRAL
AMAT,"Applied Materials, Inc.",NASDAQ,436.61,USD,1.25,3.71,9.74,28.46,114.29,63.48,158.55,258.20,2129.88,788873.42,4.39,3.52,417.19,397.18,377.35,347.66,278.71,62.54,7,STRONG_UP,NEUTRAL
KO,Coca-Cola Company,NYSE,80.26,USD,0.29,1.88,3.80,1.62,12.40,14.90,15.33,46.19,75.43,30874.68,1.59,1.54,78.90,77.23,76.93,75.59,72.33,65.24,7,STRONG_UP,NEUTRAL
KLAC,KLA Corporation,NASDAQ,1849.71,USD,2.12,3.64,6.63,25.15,62.89,46.84,143.38,519.71,2594.01,159874.09,3.96,3.84,1787.78,1755.26,1637.31,1531.81,1296.04,58.47,7,STRONG_UP,NEUTRAL
LIN,Linde plc,NASDAQ,513.26,USD,1.86,3.16,1.92,9.22,19.74,20.40,12.98,71.33,351.93,5765.83,1.97,1.93,501.33,501.35,496.63,476.41,463.08,59.20,7,STRONG_UP,NEUTRAL
SNDK,Sandisk Corporation,NASDAQ,1447.23,USD,-0.33,0.68,66.91,125.94,513.23,492.28,3358.14,4027.87,4027.87,4027.87,8.91,7.42,1370.48,1050.09,890.14,681.25,408.43,69.78,7,STRONG_UP,NEUTRAL
GLW,Corning Inc,NYSE,206.51,USD,4.17,9.05,21.73,54.91,156.06,132.27,338.45,370.62,995.54,3512.46,7.68,6.48,180.76,168.79,154.56,132.17,105.49,69.80,7,STRONG_UP,NEUTRAL
DELL,"Dell Technologies, Inc. Class C",NYSE,243.87,USD,2.06,10.45,36.24,107.55,87.71,89.93,134.74,393.14,1027.88,1027.88,6.66,5.08,230.65,205.80,186.57,154.44,146.08,65.42,7,STRONG_UP,NEUTRAL
WELL,Welltower Inc.,NYSE,220.14,USD,1.21,2.77,6.01,5.32,14.39,18.60,50.90,203.31,205.96,3202.08,2.52,2.71,216.22,210.26,207.32,200.48,189.31,63.46,7,STRONG_UP,NEUTRAL
IBKR,"Interactive Brokers Group, Inc. Class A",NASDAQ,85.12,USD,0.63,-0.29,20.72,11.04,30.13,30.13,72.05,402.63,824.97,931.76,3.10,3.04,83.54,77.98,73.66,72.79,69.28,65.88,7,STRONG_UP,NEUTRAL
SBUX,Starbucks Corporation,NASDAQ,105.95,USD,-0.59,1.15,9.68,5.95,23.76,25.80,23.38,-4.56,87.75,32189.52,2.46,2.36,105.50,100.15,98.20,95.47,90.56,63.58,7,STRONG_UP,NEUTRAL
MO,"Altria Group, Inc.",NYSE,71.54,USD,2.36,-0.67,6.00,8.79,23.34,24.07,25.62,42.04,10.57,62722.72,2.07,2.18,71.08,67.76,67.13,64.81,63.79,59.95,7,STRONG_UP,NEUTRAL
HWM,Howmet Aerospace Inc.,NYSE,273.10,USD,1.24,8.93,8.62,15.81,36.55,32.90,74.37,736.19,1524.63,1524.63,3.57,3.25,258.09,250.16,246.48,235.87,213.19,65.94,7,STRONG_UP,NEUTRAL
CMI,Cummins Inc.,NYSE,709.57,USD,0.71,2.61,15.61,18.33,53.66,39.01,114.48,167.48,519.23,16473.90,3.24,3.05,685.52,637.78,600.14,582.74,507.72,67.81,7,STRONG_UP,NEUTRAL
BK,Bank of New York Mellon Corp,NYSE,134.99,USD,1.16,1.90,6.50,10.49,22.03,16.36,54.72,159.70,239.60,6231.89,2.32,2.14,132.81,131.47,125.37,122.49,114.92,61.57,7,STRONG_UP,NEUTRAL
WMB,"Williams Companies, Inc.",NYSE,75.71,USD,1.31,1.49,3.78,5.49,28.02,25.95,31.56,195.97,300.16,3177.73,2.29,2.30,74.67,72.86,73.21,69.44,64.64,59.53,7,STRONG_UP,NEUTRAL
JCI,Johnson Controls International plc,NYSE,143.80,USD,1.96,3.58,1.55,1.17,21.25,19.38,50.45,122.22,297.55,38587.45,3.42,2.69,142.89,140.59,137.58,131.81,121.20,56.78,7,STRONG_UP,NEUTRAL
SLB,SLB Limited,NYSE,55.38,USD,-0.47,0.87,6.09,7.55,51.98,44.18,53.58,71.77,-24.71,7753.18,2.54,3.01,55.28,53.53,51.44,49.10,42.21,56.93,7,STRONG_UP,NEUTRAL
CIEN,Ciena Corporation,NYSE,577.90,USD,0.13,2.65,17.12,92.63,213.99,139.79,631.06,1035.59,3571.54,400.35,7.16,6.43,554.63,506.49,450.70,359.63,256.05,65.80,7,STRONG_UP,NEUTRAL
MPWR,"Monolithic Power Systems, Inc.",NASDAQ,1650.35,USD,3.18,4.39,23.49,36.82,87.73,77.92,133.84,431.33,2625.15,18115.78,4.28,4.01,1609.94,1468.44,1308.27,1191.11,1051.28,63.56,7,STRONG_UP,NEUTRAL
LITE,"Lumentum Holdings, Inc.",NASDAQ,1030.37,USD,3.83,3.45,15.90,73.65,378.09,171.59,1335.06,1420.28,4203.97,5439.62,10.12,8.62,963.95,889.44,806.15,635.79,413.81,61.36,7,STRONG_UP,NEUTRAL
APD,"Air Products and Chemicals, Inc.",NYSE,306.20,USD,0.86,1.54,2.37,4.12,16.87,24.84,10.86,1.56,131.61,28440.91,2.18,1.98,300.83,298.39,292.49,279.81,274.77,60.51,7,STRONG_UP,NEUTRAL
KEYS,Keysight Technologies Inc,NYSE,361.19,USD,-0.13,0.33,11.98,51.04,105.79,75.92,120.95,158.77,1275.44,1194.59,3.02,2.76,358.08,336.24,315.55,272.07,223.94,64.92,7,STRONG_UP,NEUTRAL
AFL,Aflac Incorporated,NYSE,115.48,USD,-0.59,0.86,5.29,-0.85,0.33,4.85,9.79,107.06,234.14,153873.33,1.76,1.90,114.16,113.56,111.65,111.61,109.96,57.57,7,STRONG_UP,NEUTRAL
TER,"Teradyne, Inc.",NASDAQ,363.38,USD,1.38,-1.39,-0.70,11.91,121.68,82.34,337.75,206.73,1868.47,34610.93,5.57,5.34,356.83,360.37,335.43,295.87,220.11,52.10,7,STRONG_UP,NEUTRAL
FANG,"Diamondback Energy, Inc.",NASDAQ,201.10,USD,1.49,1.14,5.54,19.75,38.86,33.10,40.03,158.85,132.22,1028.51,2.50,2.90,200.28,194.19,191.73,175.27,160.22,55.78,7,STRONG_UP,NEUTRAL
TRGP,Targa Resources Corp.,NYSE,263.29,USD,3.19,3.94,7.56,18.90,54.78,43.22,57.85,591.41,539.36,992.49,3.50,2.67,255.47,246.25,244.21,222.62,194.21,64.14,7,STRONG_UP,NEUTRAL
OKE,"ONEOK, Inc.",NYSE,88.79,USD,0.41,2.21,2.20,4.15,27.32,20.87,4.09,65.19,121.20,5729.89,2.21,2.45,88.51,87.27,87.63,82.97,77.66,53.51,7,STRONG_UP,NEUTRAL
CTVA,Corteva Inc,NYSE,83.35,USD,0.92,1.35,-0.99,10.11,26.15,24.40,22.41,84.40,180.17,180.17,2.74,2.43,81.82,81.83,80.88,76.54,72.07,57.54,7,STRONG_UP,NEUTRAL
EBAY,eBay Inc.,NASDAQ,113.01,USD,2.36,5.74,18.19,36.52,33.82,29.90,62.23,90.12,377.84,11945.43,3.27,3.70,107.59,102.46,97.78,93.22,91.36,68.22,7,STRONG_UP,NEUTRAL
VTR,"Ventas, Inc.",NYSE,90.35,USD,2.06,4.11,5.83,5.44,16.30,16.78,38.53,68.22,36.01,5493.03,2.16,2.37,87.75,85.39,85.10,82.67,77.25,69.28,7,STRONG_UP,NEUTRAL
STT,State Street Corporation,NYSE,151.58,USD,0.75,0.68,9.82,14.06,29.04,17.88,57.11,76.48,153.06,46793.66,1.83,2.30,150.33,145.49,136.66,133.39,124.50,62.80,7,STRONG_UP,NEUTRAL
EME,"EMCOR Group, Inc.",NYSE,923.01,USD,-0.20,-1.52,15.38,13.25,53.00,49.72,101.71,644.96,1846.46,46050.50,3.36,3.37,920.76,850.21,801.87,754.82,697.44,65.00,7,STRONG_UP,NEUTRAL
LYV,"Live Nation Entertainment, Inc.",NYSE,168.46,USD,1.68,4.35,6.50,11.97,23.43,18.28,19.07,103.97,634.67,1364.87,3.59,3.47,162.50,159.43,157.95,153.09,152.52,62.32,7,STRONG_UP,NEUTRAL
SATS,EchoStar Corporation Class A,NASDAQ,133.23,USD,2.98,12.21,3.68,20.88,92.14,22.59,564.49,401.62,300.36,996.46,4.96,4.82,125.13,125.41,119.77,117.24,91.51,60.85,7,STRONG_UP,NEUTRAL
JBL,Jabil Inc.,NYSE,355.43,USD,1.32,0.15,19.38,34.77,79.81,53.67,118.89,567.22,1993.23,40520.57,4.04,3.70,350.66,323.37,297.39,271.41,242.19,61.67,7,STRONG_UP,NEUTRAL
HAL,Halliburton Company,NYSE,41.02,USD,-1.63,1.38,7.58,16.77,52.21,44.74,92.58,81.02,3.19,3000.76,2.95,2.90,41.00,39.38,38.19,35.45,29.92,56.66,7,STRONG_UP,NEUTRAL
STLD,"Steel Dynamics, Inc.",NASDAQ,237.08,USD,1.84,-1.40,25.19,15.29,56.39,38.13,72.16,274.00,893.63,5318.97,2.62,3.09,234.09,213.07,198.12,190.64,167.74,68.75,7,STRONG_UP,NEUTRAL
Q,"Qnity Electronics, Inc.",NYSE,162.02,USD,-3.77,9.44,24.55,40.31,92.54,98.34,129.82,129.82,129.82,129.82,6.30,4.40,149.55,138.17,128.23,113.54,0.00,67.81,7,STRONG_UP,NEUTRAL
BIIB,Biogen Inc.,NASDAQ,204.53,USD,2.59,8.14,18.49,7.56,24.17,16.63,64.93,-25.42,-15.58,7101.68,2.83,2.88,193.00,184.95,185.26,183.65,167.07,68.84,7,STRONG_UP,NEUTRAL
NTRS,Northern Trust Corporation,NASDAQ,162.97,USD,0.38,-0.52,8.14,10.05,27.25,19.16,54.04,36.13,135.13,15918.97,1.78,2.45,162.37,158.74,150.53,147.92,138.78,58.08,7,STRONG_UP,NEUTRAL
ALB,Albemarle Corporation,NYSE,200.94,USD,-2.23,-0.06,14.66,16.14,84.52,39.76,226.31,26.27,165.83,2671.59,6.81,5.72,198.70,191.13,182.12,174.54,134.76,55.54,7,STRONG_UP,NEUTRAL
DD,"DuPont de Nemours, Inc.",NYSE,51.16,USD,1.23,3.02,9.13,-1.44,27.84,26.51,71.58,48.77,65.43,1668.45,2.83,2.97,48.70,47.18,46.42,45.89,40.18,65.09,7,STRONG_UP,NEUTRAL
EVRG,"Evergy, Inc.",NASDAQ,82.46,USD,-1.01,1.58,-1.42,3.31,8.02,14.01,26.18,31.52,58.03,525.29,1.70,1.72,82.38,82.19,81.96,79.42,76.96,51.97,7,STRONG_UP,NEUTRAL
HST,"Host Hotels & Resorts, Inc.",NASDAQ,21.56,USD,-0.92,-0.32,7.18,7.42,22.67,21.46,37.24,26.67,35.85,646.36,2.41,2.14,21.51,20.77,20.11,19.53,18.22,59.57,7,STRONG_UP,NEUTRAL
NVDA,NVIDIA Corporation,NASDAQ,225.83,USD,2.29,12.98,21.39,16.99,23.50,18.96,80.69,1525.85,22949.76,516080.50,3.38,3.30,209.36,199.77,191.18,188.54,185.44,72.13,6,STRONG_UP,OVERBOUGHT
GOOG,Alphabet Inc. Class C,NASDAQ,399.04,USD,3.97,2.43,26.51,27.75,46.76,25.65,149.52,248.23,1012.99,1308.86,2.33,2.45,388.62,346.91,327.06,323.84,289.27,75.07,6,STRONG_UP,OVERBOUGHT
GOOGL,Alphabet Inc. Class A,NASDAQ,402.62,USD,3.94,2.12,26.96,29.01,48.35,27.05,153.56,256.53,1008.20,15987.59,2.40,2.46,391.76,349.36,328.86,324.49,289.28,75.58,6,STRONG_UP,OVERBOUGHT
AMZN,"Amazon.com, Inc.",NASDAQ,270.13,USD,1.62,-1.01,13.76,32.44,14.92,16.77,27.98,69.60,655.99,221546.95,2.09,2.68,270.27,251.23,234.80,230.43,229.07,67.29,6,STRONG_UP,NEUTRAL
AVGO,Broadcom Inc.,NASDAQ,416.79,USD,-0.60,-4.31,12.75,21.22,25.74,18.15,87.74,855.09,2857.22,25160.00,4.12,3.26,421.51,394.05,365.11,350.02,345.50,58.34,6,STRONG_UP,NEUTRAL
LLY,Eli Lilly and Company,NYSE,1015.75,USD,2.61,2.46,8.06,-0.89,0.67,-5.63,34.44,419.01,1239.69,36065.78,3.40,3.03,973.78,935.39,939.68,995.68,919.06,63.50,6,STRONG_UP,NEUTRAL
MU,"Micron Technology, Inc.",NASDAQ,803.63,USD,4.83,21.69,92.96,90.32,247.22,172.30,768.37,919.96,8219.15,56794.16,7.99,6.49,670.16,520.39,472.18,420.18,300.76,81.34,6,STRONG_UP,OVERBOUGHT
AMD,"Advanced Micro Devices, Inc.",NASDAQ,445.50,USD,-0.62,8.79,81.82,106.41,85.54,103.52,306.48,501.86,12414.04,97098.59,6.43,5.65,404.95,315.33,269.77,244.04,221.60,76.20,6,STRONG_UP,OVERBOUGHT
INTC,Intel Corporation,NASDAQ,120.29,USD,-0.27,8.39,93.45,151.65,243.44,218.48,438.09,120.29,302.85,298164.32,9.47,7.06,111.59,81.43,66.84,55.68,43.87,74.77,6,STRONG_UP,OVERBOUGHT
CSCO,"Cisco Systems, Inc.",NASDAQ,101.87,USD,2.60,9.96,24.18,27.96,33.02,32.91,65.17,92.46,283.69,131756.90,2.80,2.55,95.05,88.18,84.46,81.20,76.16,78.87,6,STRONG_UP,OVERBOUGHT
MS,Morgan Stanley,NYSE,193.83,USD,1.02,0.86,10.28,9.24,18.05,8.58,51.71,126.41,640.09,2750.44,2.38,2.26,191.14,185.26,175.45,177.28,167.73,62.99,6,STRONG_UP,NEUTRAL
GEV,GE Vernova Inc.,NYSE,1062.57,USD,-0.88,-4.62,6.47,28.48,94.90,60.71,152.45,823.97,823.97,823.97,4.75,4.02,1072.79,1028.35,956.81,843.70,727.57,54.92,6,STRONG_UP,NEUTRAL
GS,"Goldman Sachs Group, Inc.",NYSE,955.42,USD,1.01,2.08,9.12,-0.08,20.10,8.08,61.03,163.93,505.16,1157.13,2.44,2.37,931.55,914.78,876.90,899.06,840.04,62.91,6,STRONG_UP,NEUTRAL
TXN,Texas Instruments Incorporated,NASDAQ,306.34,USD,3.78,9.78,43.19,35.14,90.87,75.09,64.40,69.53,436.69,28143.86,2.63,3.38,288.57,249.52,227.03,214.23,196.58,79.70,6,STRONG_UP,OVERBOUGHT
C,Citigroup Inc.,NYSE,124.10,USD,-1.85,-4.90,0.89,5.13,24.31,5.88,65.18,63.98,182.17,625.89,3.15,2.54,126.77,126.36,119.54,117.96,108.69,47.07,6,STRONG_UP,NEUTRAL
ADI,"Analog Devices, Inc.",NASDAQ,432.39,USD,3.04,6.84,24.00,27.41,84.63,57.19,94.80,192.18,689.61,386739.63,2.36,2.72,411.72,377.89,352.92,332.24,288.32,73.72,6,STRONG_UP,OVERBOUGHT
NEE,"NextEra Energy, Inc.",NYSE,94.85,USD,0.27,-1.33,1.07,3.80,13.58,17.90,35.36,29.93,213.79,3913.49,1.99,2.30,95.27,93.87,92.99,89.62,84.05,52.69,6,STRONG_UP,NEUTRAL
BA,Boeing Company,NYSE,240.60,USD,1.57,4.19,11.26,0.56,24.74,10.29,20.12,6.46,79.90,8288.00,2.95,2.86,231.61,224.99,217.92,225.84,219.68,64.30,6,STRONG_UP,NEUTRAL
STX,Seagate Technology Holdings PLC,NASDAQ,817.35,USD,1.06,6.32,63.44,91.95,221.60,189.87,702.11,823.56,4266.19,7007.39,5.51,5.73,770.58,609.93,522.46,441.35,331.45,78.91,6,STRONG_UP,OVERBOUGHT
WDC,Western Digital Corporation,NASDAQ,494.09,USD,1.09,4.68,44.66,73.36,228.12,178.83,950.14,863.58,1746.09,9411.03,6.24,6.05,469.94,396.75,349.53,294.27,207.46,70.98,6,STRONG_UP,OVERBOUGHT
ETN,Eaton Corp. Plc,NYSE,406.94,USD,1.35,-4.02,0.77,1.73,16.27,25.91,25.72,177.38,557.20,26387.32,4.27,3.51,414.14,403.64,385.36,367.01,363.83,51.27,6,STRONG_UP,NEUTRAL
UNP,Union Pacific Corporation,NYSE,264.65,USD,-0.36,-0.30,5.44,0.08,19.36,14.39,14.56,16.71,216.83,27280.18,1.70,2.15,265.46,257.76,252.49,247.74,236.52,57.07,6,STRONG_UP,NEUTRAL
VRT,Vertiv Holdings Co. Class A,NYSE,369.99,USD,0.78,5.24,25.43,51.67,128.39,118.33,266.07,1556.92,3714.33,3714.33,5.93,5.06,347.27,313.40,291.72,244.16,200.81,70.58,6,STRONG_UP,OVERBOUGHT
PLD,"Prologis, Inc.",NYSE,142.00,USD,-1.22,0.28,3.69,0.95,14.52,11.16,28.86,24.42,200.21,504.26,1.44,1.96,142.16,140.09,137.04,135.07,126.56,54.07,6,STRONG_UP,NEUTRAL
NEM,Newmont Corporation,NYSE,118.96,USD,-0.61,3.34,0.63,-3.21,38.02,17.79,136.08,70.89,256.06,1055.44,3.56,3.47,114.15,114.50,111.94,113.90,97.85,56.70,6,STRONG_UP,NEUTRAL
PWR,"Quanta Services, Inc.",NYSE,773.72,USD,1.03,-0.02,32.18,45.98,85.10,82.07,130.84,698.06,3219.26,10450.67,3.99,3.26,760.08,650.88,615.17,548.05,482.46,71.97,6,STRONG_UP,OVERBOUGHT
EQIX,"Equinix, Inc.",NASDAQ,1077.28,USD,-0.31,-0.52,4.84,12.63,37.29,40.61,23.50,49.66,211.17,164.04,2.08,2.17,1080.04,1066.88,1026.37,930.82,858.05,55.66,6,STRONG_UP,NEUTRAL
TT,Trane Technologies plc,NYSE,471.02,USD,0.72,-2.58,1.08,-0.75,14.68,20.50,13.16,155.70,823.86,20957.54,2.72,2.70,478.23,468.98,450.92,434.85,426.73,51.00,6,STRONG_UP,NEUTRAL
CDNS,"Cadence Design Systems, Inc.",NASDAQ,354.55,USD,-0.97,0.30,33.26,18.69,13.69,12.31,13.49,187.02,1409.37,19169.02,2.46,3.46,352.50,319.88,307.37,306.41,323.00,64.93,6,STRONG_UP,NEUTRAL
FCX,"Freeport-McMoRan, Inc.",NYSE,67.16,USD,1.71,10.77,0.46,1.80,69.49,29.84,70.78,62.89,512.77,448.24,4.31,3.62,60.83,63.40,61.22,60.46,51.39,61.50,6,STRONG_UP,NEUTRAL
MAR,"Marriott International, Inc. Class A",NASDAQ,350.19,USD,-0.01,-3.76,-0.38,-3.26,22.84,12.76,28.75,149.39,417.19,2015.26,2.19,2.39,353.65,356.21,343.48,335.64,304.80,47.37,6,STRONG_UP,NEUTRAL
FDX,FedEx Corporation,NYSE,369.70,USD,-1.79,1.43,-0.15,0.98,39.25,27.95,57.32,21.12,133.13,38688.20,2.33,2.97,377.43,377.91,369.54,351.41,298.05,45.93,6,STRONG_UP,NEUTRAL
FTNT,"Fortinet, Inc.",NASDAQ,117.69,USD,3.35,32.57,52.94,34.43,46.86,47.17,15.97,194.67,1726.92,6822.94,5.10,3.65,100.87,88.67,86.14,83.13,83.11,83.26,6,STRONG_UP,OVERBOUGHT
CSX,CSX Corporation,NASDAQ,44.40,USD,-0.29,-1.38,5.46,6.86,27.26,21.99,46.39,31.17,422.97,11249.84,1.74,1.92,44.88,43.72,42.19,40.31,37.65,54.26,6,STRONG_UP,NEUTRAL
COHR,Coherent Corp.,NYSE,403.71,USD,7.94,18.07,32.04,77.64,200.45,114.74,417.98,552.41,1958.69,99274.77,9.93,7.60,347.14,320.25,292.88,252.64,188.60,71.20,6,STRONG_UP,OVERBOUGHT
MDLZ,"Mondelez International, Inc. Class A",NASDAQ,61.52,USD,-0.29,0.11,4.77,-0.77,7.48,14.05,-5.90,-1.87,37.69,198.50,1.66,2.01,61.49,59.02,58.25,57.94,59.04,63.72,6,STRONG_UP,NEUTRAL
NXPI,NXP Semiconductors NV,NASDAQ,298.41,USD,1.42,2.35,48.26,18.34,50.08,35.27,44.72,58.06,256.99,2195.46,3.91,3.77,295.91,244.20,225.35,228.48,223.22,68.94,6,STRONG_UP,NEUTRAL
KMI,Kinder Morgan Inc Class P,NYSE,32.81,USD,1.11,2.52,0.06,4.13,22.20,19.35,19.74,79.98,93.68,3.50,2.06,2.37,32.22,32.19,32.70,31.16,29.13,56.81,6,STRONG_UP,NEUTRAL
MPC,Marathon Petroleum Corporation,NYSE,249.09,USD,-1.15,-1.55,10.71,19.18,26.67,52.96,56.42,318.92,615.16,1211.00,3.08,3.29,249.40,235.15,234.03,208.58,196.27,58.27,6,STRONG_UP,NEUTRAL
VLO,Valero Energy Corporation,NYSE,244.10,USD,-1.22,0.57,0.39,19.61,38.30,49.53,83.95,210.09,344.14,14184.52,3.17,3.33,245.80,240.86,238.74,212.76,187.09,52.56,6,STRONG_UP,NEUTRAL
FIX,"Comfort Systems USA, Inc.",NYSE,2034.63,USD,0.91,1.95,28.54,51.13,136.17,116.82,346.77,2362.04,6425.43,12616.44,4.52,4.54,1955.63,1731.78,1593.89,1379.29,1106.46,71.84,6,STRONG_UP,OVERBOUGHT
CL,Colgate-Palmolive Company,NYSE,87.87,USD,0.49,0.43,4.48,-7.90,11.41,11.33,-1.25,5.25,21.07,9404.91,1.85,2.09,86.94,85.17,86.43,87.05,83.84,56.46,6,STRONG_UP,NEUTRAL
NSC,Norfolk Southern Corporation,NYSE,310.58,USD,-0.57,-1.40,5.12,-2.51,9.60,7.51,30.20,7.96,253.70,8738.82,1.50,1.90,313.36,305.48,299.76,299.17,292.37,53.50,6,STRONG_UP,NEUTRAL
PSX,Phillips 66,NYSE,171.82,USD,-2.06,-1.00,6.68,6.61,21.36,33.19,39.00,101.60,114.78,416.75,2.76,2.98,174.83,168.06,170.70,157.60,144.97,51.89,6,STRONG_UP,NEUTRAL
DLR,"Digital Realty Trust, Inc.",NYSE,193.31,USD,-1.00,-2.44,2.69,7.89,23.11,25.01,15.93,29.47,103.72,1510.92,1.90,2.23,197.14,194.61,188.09,176.47,172.04,48.51,6,STRONG_UP,NEUTRAL
SPG,"Simon Property Group, Inc.",NYSE,200.56,USD,-2.48,-1.56,-0.02,3.17,9.10,8.72,19.56,68.89,-0.12,848.11,1.94,1.77,202.62,200.44,195.58,193.26,186.03,50.24,6,STRONG_UP,NEUTRAL
BKR,Baker Hughes Company Class A,NASDAQ,65.41,USD,0.26,-2.02,4.34,6.90,37.21,43.07,72.40,166.54,106.32,401.71,2.69,2.95,66.49,64.06,62.36,58.55,52.65,52.87,6,STRONG_UP,NEUTRAL
GWW,"W.W. Grainger, Inc.",NYSE,1252.85,USD,1.18,9.34,7.26,4.06,34.09,24.38,17.09,168.25,450.53,64303.52,2.53,2.24,1194.18,1163.48,1130.45,1107.61,1040.42,71.10,6,STRONG_UP,OVERBOUGHT
ALL,Allstate Corporation,NYSE,215.54,USD,0.03,-1.58,2.31,4.69,1.57,4.11,6.29,56.48,218.61,1349.01,2.26,2.32,216.18,214.19,211.38,208.02,206.22,52.58,6,STRONG_UP,NEUTRAL
D,Dominion Energy Inc,NYSE,62.72,USD,-0.32,-0.32,-2.12,-3.06,2.99,6.47,14.26,-20.25,-13.20,471.80,1.55,1.99,62.77,62.67,62.36,61.78,61.07,51.26,6,STRONG_UP,NEUTRAL
F,Ford Motor Company,NYSE,13.57,USD,13.18,13.65,12.80,-2.37,2.96,2.96,28.08,16.48,1.72,670.89,5.02,3.19,12.14,12.25,12.09,12.91,12.57,67.51,6,STRONG_UP,NEUTRAL
PSA,Public Storage,NYSE,303.70,USD,-2.44,0.13,3.51,3.15,10.12,17.21,-1.24,11.16,14.58,2050.09,1.71,2.34,305.41,300.04,294.17,288.37,286.38,52.27,6,STRONG_UP,NEUTRAL
AME,"AMETEK, Inc.",NYSE,231.42,USD,0.10,-3.17,-1.32,-2.84,19.91,12.34,28.58,72.41,394.59,23702.84,2.09,2.40,233.44,231.01,225.44,223.44,206.45,50.85,6,STRONG_UP,NEUTRAL
NUE,Nucor Corporation,NYSE,232.34,USD,1.09,-1.01,24.83,19.96,60.09,40.66,92.27,131.44,391.41,152398.10,2.42,2.75,229.18,206.82,190.41,183.06,164.19,73.46,6,STRONG_UP,OVERBOUGHT
MCHP,Microchip Technology Incorporated,NASDAQ,96.71,USD,-1.01,-1.80,35.33,18.21,78.60,48.19,58.67,34.13,308.49,27015.16,4.95,4.22,97.77,84.01,76.18,74.92,69.03,66.76,6,STRONG_UP,NEUTRAL
ETR,Entergy Corporation,NYSE,112.35,USD,-0.51,-0.77,-3.53,12.72,19.15,21.37,37.97,111.18,192.31,789.90,1.56,1.92,114.29,114.31,110.65,103.98,98.33,48.01,6,STRONG_UP,NEUTRAL
ROK,"Rockwell Automation, Inc.",NYSE,454.99,USD,-0.02,1.46,14.37,9.07,21.69,16.07,50.66,70.48,299.82,24888.74,2.44,2.62,438.11,410.36,391.30,399.45,379.61,69.38,6,STRONG_UP,NEUTRAL
DAL,"Delta Air Lines, Inc.",NYSE,71.05,USD,0.48,-4.48,6.20,-1.32,21.91,1.72,38.84,58.10,74.36,212.31,2.26,3.31,70.91,69.34,66.78,68.21,64.05,55.29,6,STRONG_UP,NEUTRAL
ON,ON Semiconductor Corporation,NASDAQ,115.71,USD,11.14,12.76,64.59,62.86,145.83,109.43,158.45,213.41,1192.85,425.95,5.35,4.98,104.52,87.62,76.50,69.51,60.01,76.53,6,STRONG_UP,OVERBOUGHT
WAB,Westinghouse Air Brake Technologies Corporation,NYSE,264.78,USD,-1.58,-1.02,-0.62,2.82,31.39,23.95,30.99,232.18,235.29,3430.40,2.69,2.73,266.43,263.92,255.78,246.23,222.26,51.95,6,STRONG_UP,NEUTRAL
HPE,Hewlett Packard Enterprise Co.,NYSE,32.07,USD,6.16,6.40,30.95,38.44,42.66,32.08,80.17,98.09,247.08,198.30,4.46,3.78,30.07,27.51,25.47,23.96,23.53,71.31,6,STRONG_UP,OVERBOUGHT
ADM,Archer-Daniels-Midland Company,NYSE,82.89,USD,2.68,4.78,17.51,19.66,41.09,44.31,66.78,22.69,115.80,15850.20,2.84,2.97,78.16,73.03,71.87,68.32,64.20,76.21,6,STRONG_UP,OVERBOUGHT
CBOE,Cboe Global Markets Inc,CBOE,366.70,USD,3.06,8.44,24.03,35.44,40.42,46.12,65.53,223.17,477.66,1017.99,3.40,2.90,341.61,313.13,302.78,286.53,265.86,78.13,6,STRONG_UP,OVERBOUGHT
IRM,"Iron Mountain, Inc.",NYSE,126.12,USD,-0.07,-4.69,15.39,21.73,39.45,51.95,28.25,201.00,231.72,3021.42,3.26,3.03,128.31,117.48,112.17,103.26,99.33,60.73,6,STRONG_UP,NEUTRAL
CASY,"Casey's General Stores, Inc.",NASDAQ,888.36,USD,2.44,2.70,20.49,35.75,65.72,60.98,103.38,293.08,667.48,70968.46,2.23,2.39,857.43,793.30,749.82,686.00,611.85,76.10,6,STRONG_UP,OVERBOUGHT
DOW,"Dow, Inc.",NYSE,38.84,USD,-1.50,2.02,-2.90,13.53,69.98,64.93,25.57,-42.43,-26.37,-26.37,3.08,3.98,39.19,39.09,38.23,33.16,28.18,50.87,6,STRONG_UP,NEUTRAL
FOXA,Fox Corporation Class A,NASDAQ,66.47,USD,0.47,6.45,8.93,9.00,2.04,-9.11,25.99,75.24,70.44,70.44,3.36,2.62,63.96,63.02,61.13,64.42,63.03,63.42,6,STRONG_UP,NEUTRAL
FOX,Fox Corporation Class B,NASDAQ,59.47,USD,0.00,5.18,8.78,7.13,1.11,-8.44,22.01,63.11,54.07,54.07,3.51,2.59,57.54,56.62,55.09,58.03,56.80,62.12,6,STRONG_UP,NEUTRAL
BG,Bunge Global SA,NYSE,126.02,USD,-0.15,-2.27,1.39,2.92,30.59,41.28,57.47,40.21,105.51,687.63,2.13,3.09,126.28,125.34,124.18,116.48,102.12,51.85,6,STRONG_UP,NEUTRAL
LYB,LyondellBasell Industries NV,NYSE,73.74,USD,-0.77,-0.26,-2.33,24.26,62.78,69.21,21.68,-33.70,-9.00,231.42,2.83,3.75,74.17,73.63,73.23,62.16,55.66,51.63,6,STRONG_UP,NEUTRAL
AKAM,"Akamai Technologies, Inc.",NASDAQ,161.14,USD,7.74,36.82,75.44,63.18,84.33,84.58,103.20,44.52,216.40,46.49,7.94,5.54,128.07,110.07,109.55,102.15,90.55,79.49,6,STRONG_UP,OVERBOUGHT
NTAP,"NetApp, Inc.",NASDAQ,118.58,USD,2.02,4.00,23.74,16.48,9.59,10.15,20.47,53.32,418.27,10898.72,3.56,3.18,114.32,107.20,104.80,103.95,109.28,68.49,6,STRONG_UP,NEUTRAL
TSN,"Tyson Foods, Inc. Class A",NYSE,66.89,USD,-0.84,-2.75,1.94,3.90,22.96,14.21,19.38,-17.44,-2.73,82935.08,3.07,2.93,67.08,65.30,63.75,62.73,58.78,56.32,6,STRONG_UP,NEUTRAL
JBHT,"J.B. Hunt Transport Services, Inc.",NASDAQ,237.80,USD,0.43,-3.58,4.99,2.56,43.72,22.30,59.20,33.80,188.87,15324.79,2.86,3.07,243.06,237.85,226.03,219.08,187.26,49.67,6,STRONG_UP,NEUTRAL
PFG,"Principal Financial Group, Inc.",NASDAQ,100.42,USD,-0.42,-1.21,9.77,7.84,19.25,13.71,22.82,53.17,136.95,389.85,1.71,2.09,100.59,96.81,93.46,92.82,87.34,61.62,6,STRONG_UP,NEUTRAL
CPAY,"Corpay, Inc.",NYSE,331.25,USD,-2.10,8.47,9.85,-5.21,17.42,9.81,-5.57,22.60,120.83,1225.00,4.54,3.53,319.45,315.58,311.27,317.80,308.31,58.45,6,STRONG_UP,NEUTRAL
EXPD,"Expeditors International of Washington, Inc.",NYSE,155.80,USD,0.89,1.21,8.54,-4.38,12.65,4.47,33.32,31.48,225.87,90546.75,2.10,2.57,151.35,148.18,146.33,150.79,139.19,60.23,6,STRONG_UP,NEUTRAL
VTRS,"Viatris, Inc.",NASDAQ,17.37,USD,1.16,10.29,29.82,7.96,60.39,38.96,94.95,8.36,-54.74,34640.00,4.44,3.43,16.27,14.84,14.38,14.09,12.19,77.46,6,STRONG_UP,OVERBOUGHT
IFF,International Flavors & Fragrances Inc.,NYSE,77.48,USD,-1.26,-4.10,7.66,-1.77,16.11,14.73,1.28,-44.40,-38.45,1062.21,4.38,3.25,75.88,73.32,72.36,72.78,68.88,56.45,6,STRONG_UP,NEUTRAL
INCY,Incyte Corporation,NASDAQ,98.82,USD,-0.31,0.20,2.80,-0.05,-5.50,0.58,63.53,17.99,40.63,5170.40,2.69,3.13,98.12,96.83,95.46,98.91,94.66,54.60,6,STRONG_UP,NEUTRAL
CF,"CF Industries Holdings, Inc.",NYSE,125.50,USD,-3.75,2.80,0.63,29.57,49.98,61.98,47.15,133.44,349.50,3761.54,5.39,4.26,123.47,123.40,123.49,106.22,95.48,52.48,6,STRONG_UP,NEUTRAL
LNT,Alliant Energy Corporation,NASDAQ,72.30,USD,-0.40,-1.05,-1.15,5.26,7.10,11.21,21.51,26.80,95.83,1285.39,1.27,1.79,72.74,72.53,71.98,69.72,68.03,49.94,6,STRONG_UP,NEUTRAL
FTV,Fortive Corp.,NYSE,59.42,USD,-1.41,-2.91,2.24,0.71,15.42,7.39,7.09,12.95,119.36,119.36,2.03,2.51,60.13,59.82,58.07,57.14,53.52,47.95,6,STRONG_UP,NEUTRAL
BEN,"Franklin Resources, Inc.",NYSE,32.04,USD,1.14,3.35,29.87,16.17,44.13,33.61,47.51,-6.45,-10.53,13277.48,2.81,3.13,30.80,27.75,26.41,26.19,24.93,77.09,6,STRONG_UP,OVERBOUGHT
GNRC,Generac Holdings Inc.,NYSE,267.25,USD,-0.87,0.19,29.41,22.18,77.09,93.69,109.59,-9.55,656.65,2641.03,3.68,3.91,265.11,228.79,218.80,198.27,186.26,73.46,6,STRONG_UP,OVERBOUGHT
IEX,IDEX Corporation,NYSE,212.22,USD,-0.76,-2.75,5.60,-0.41,27.84,19.20,10.78,-5.15,158.30,7245.93,1.92,2.29,215.29,206.30,200.54,198.44,182.54,55.63,6,STRONG_UP,NEUTRAL
NDSN,Nordson Corporation,NASDAQ,278.93,USD,-0.79,-2.56,1.65,-5.50,20.37,15.65,37.12,35.25,257.28,21264.63,1.96,2.03,283.13,278.80,275.05,273.37,250.68,48.33,6,STRONG_UP,NEUTRAL
EG,"Everest Group, Ltd.",NYSE,347.97,USD,-1.05,-1.01,6.07,4.63,6.10,2.89,0.33,28.52,89.75,1755.84,2.16,2.46,351.31,343.63,335.77,334.16,333.74,53.43,6,STRONG_UP,NEUTRAL
HAS,"Hasbro, Inc.",NASDAQ,94.01,USD,-0.52,-2.16,2.49,-11.22,19.30,14.65,43.16,-2.13,10.29,41892.18,2.32,3.08,95.62,93.89,93.56,92.52,85.21,48.32,6,STRONG_UP,NEUTRAL
DVA,DaVita Inc.,NYSE,198.10,USD,-1.22,17.03,32.28,37.25,60.53,74.26,38.96,57.00,162.11,5559.97,3.43,3.59,180.43,160.05,156.87,141.07,134.59,80.22,6,STRONG_UP,OVERBOUGHT
IVZ,Invesco Ltd.,NYSE,28.09,USD,-1.02,2.71,20.61,4.38,19.33,6.28,79.37,2.74,-3.04,317.70,2.81,3.23,27.12,25.42,24.75,26.00,24.50,68.30,6,STRONG_UP,NEUTRAL
AIZ,"Assurant, Inc.",NYSE,242.61,USD,-0.34,2.82,10.77,11.07,6.26,1.24,19.47,51.19,177.74,921.52,2.54,2.44,237.43,229.28,224.87,229.52,222.39,65.01,6,STRONG_UP,NEUTRAL
GL,Globe Life Inc.,NYSE,152.99,USD,-1.24,-1.46,5.15,6.51,15.21,9.57,26.66,45.44,161.92,18944.98,2.07,2.08,153.35,150.27,145.92,143.92,140.64,56.82,6,STRONG_UP,NEUTRAL
RVTY,"Revvity, Inc.",NYSE,95.01,USD,-4.32,1.61,6.43,-5.30,2.50,-2.25,-3.18,-33.08,74.97,2768.23,4.73,4.52,94.43,91.34,90.11,96.54,94.33,54.34,6,STRONG_UP,NEUTRAL
AES,AES Corporation,NYSE,14.43,USD,0.07,0.00,0.35,-12.12,7.05,-0.55,20.75,-41.46,28.50,340.38,0.69,0.51,14.35,14.40,14.30,14.66,14.16,52.34,6,STRONG_UP,NEUTRAL
FRT,Federal Realty Investment Trust,NYSE,114.13,USD,-1.23,-1.61,5.27,5.69,16.73,14.88,16.10,2.23,-26.94,3601.49,1.20,1.53,114.92,111.40,109.08,106.32,102.04,57.79,6,STRONG_UP,NEUTRAL
AAPL,Apple Inc.,NASDAQ,298.87,USD,1.38,6.01,15.07,8.45,10.26,9.78,42.03,136.73,1228.31,232759.10,1.72,2.16,286.71,271.81,264.68,264.85,258.24,75.62,5,UP,OVERBOUGHT
TSLA,"Tesla, Inc.",NASDAQ,445.27,USD,2.73,15.28,27.20,3.48,15.27,-2.74,39.15,128.97,3114.48,35052.94,5.23,4.37,411.69,384.60,385.70,409.30,406.27,70.19,5,UP,OVERBOUGHT
XOM,Exxon Mobil Corporation,NYSE,151.57,USD,0.62,1.68,-1.75,-1.51,27.96,26.21,38.65,152.91,69.77,6929.33,1.82,2.29,150.74,152.25,154.76,145.41,129.44,49.80,5,UP,NEUTRAL
JNJ,Johnson & Johnson,NYSE,230.42,USD,2.75,2.30,-3.07,-4.18,18.16,11.41,51.89,34.37,102.30,36767.61,1.88,1.91,225.14,231.53,235.06,230.19,208.58,51.94,5,UP,NEUTRAL
UNH,UnitedHealth Group Incorporated,NYSE,401.16,USD,1.20,10.48,32.29,44.22,22.70,21.23,19.49,-2.39,210.74,277459.33,2.55,2.46,377.29,341.25,316.04,313.60,319.16,85.57,5,UP,OVERBOUGHT
PM,Philip Morris International Inc.,NYSE,187.91,USD,0.52,10.90,17.10,1.00,21.04,17.25,13.91,91.84,84.71,275.82,3.31,2.86,173.97,164.89,166.28,169.90,164.53,73.57,5,UP,OVERBOUGHT
MRK,"Merck & Co., Inc.",NYSE,113.45,USD,0.96,0.27,-6.26,-4.67,23.05,7.50,47.43,50.49,119.93,7497.96,2.06,2.49,112.19,115.46,116.01,114.49,101.10,48.35,5,UP,NEUTRAL
QCOM,QUALCOMM Incorporated,NASDAQ,213.17,USD,1.36,9.22,66.54,51.33,24.10,22.65,40.24,65.72,314.24,40671.71,11.11,6.71,198.67,156.33,146.48,151.59,158.56,69.38,5,UP,NEUTRAL
BLK,"BlackRock, Inc.",NYSE,1094.10,USD,0.15,2.66,10.20,0.90,3.22,2.11,13.98,28.92,208.44,7715.00,1.98,2.28,1072.24,1038.96,1009.44,1050.66,1080.43,64.67,5,UP,NEUTRAL
DE,Deere & Company,NYSE,580.65,USD,-1.45,0.12,-3.94,-5.26,22.68,24.60,17.06,52.08,592.90,26131.97,2.31,2.66,582.69,583.84,582.02,561.51,519.14,49.53,5,UP,NEUTRAL
HON,Honeywell International Inc.,NASDAQ,217.96,USD,-0.27,2.40,-6.63,-10.83,9.83,11.38,5.27,2.48,112.93,2677.60,1.97,2.34,214.71,221.90,225.54,223.67,211.29,47.76,5,UP,NEUTRAL
CVS,CVS Health Corporation,NYSE,98.11,USD,3.11,14.74,25.56,26.58,23.58,23.75,56.50,15.93,-6.01,14544.99,3.36,2.85,87.83,80.93,78.28,78.37,76.72,81.67,5,UP,OVERBOUGHT
VRTX,Vertex Pharmaceuticals Incorporated,NASDAQ,453.06,USD,1.06,7.19,4.35,-1.94,2.96,-0.28,3.55,110.63,453.93,9968.00,2.75,2.30,432.45,435.49,445.67,456.24,434.91,61.16,5,UP,NEUTRAL
CME,CME Group Inc. Class A,NASDAQ,297.13,USD,3.98,3.97,0.00,-1.19,4.26,9.14,10.04,37.48,212.77,3709.36,2.21,2.09,287.64,291.83,298.03,293.38,282.14,57.64,5,UP,NEUTRAL
SNPS,"Synopsys, Inc.",NASDAQ,509.28,USD,-0.77,0.93,29.75,16.19,31.24,6.33,0.53,116.83,955.07,7047.79,2.43,3.12,503.64,460.81,444.44,456.55,475.82,66.66,5,UP,NEUTRAL
ELV,"Elevance Health, Inc.",NYSE,399.64,USD,1.61,7.13,29.12,21.16,21.22,13.94,-0.04,0.54,193.46,1873.53,3.10,3.03,379.05,343.09,321.85,334.55,328.70,82.03,5,UP,OVERBOUGHT
MNST,Monster Beverage Corporation,NASDAQ,85.93,USD,0.07,11.84,14.04,6.05,20.43,12.08,40.34,91.38,244.87,131888.82,3.26,2.35,80.29,77.14,76.26,78.17,72.79,71.30,5,UP,OVERBOUGHT
ABNB,"Airbnb, Inc. Class A",NASDAQ,132.97,USD,-1.85,-6.10,4.54,11.23,9.97,-2.18,-1.23,-6.52,-8.92,-8.92,4.38,3.27,138.79,136.53,134.06,132.55,128.28,41.25,5,UP,NEUTRAL
CI,Cigna Group,NYSE,300.71,USD,0.74,8.75,11.36,2.03,10.56,8.69,-2.87,13.73,134.25,5079.80,2.41,2.68,287.08,280.11,274.95,277.55,281.75,66.92,5,UP,NEUTRAL
EMR,Emerson Electric Co.,NYSE,137.76,USD,0.35,-2.99,-3.94,-11.54,8.68,3.40,14.94,44.49,161.26,6699.53,3.16,2.83,139.66,140.33,137.42,141.92,137.49,47.10,5,UP,NEUTRAL
APO,Apollo Global Management Inc,NYSE,131.60,USD,-0.25,-1.81,26.59,3.49,4.33,-9.25,-8.45,132.84,673.21,603.74,3.53,3.58,130.32,121.43,116.36,125.29,129.76,62.90,5,UP,NEUTRAL
DDOG,"Datadog, Inc. Class A",NASDAQ,205.31,USD,2.69,42.85,94.92,56.67,13.32,49.59,80.91,162.75,408.82,408.82,6.72,5.43,170.53,138.22,132.67,129.29,139.39,84.79,5,UP,OVERBOUGHT
HLT,Hilton Worldwide Holdings Inc.,NYSE,311.41,USD,-0.69,-2.06,-3.72,-4.33,15.98,8.55,22.64,156.75,580.03,612.59,1.85,2.33,316.59,322.24,312.89,307.81,288.55,43.28,5,UP,NEUTRAL
TRV,"Travelers Companies, Inc.",NYSE,295.02,USD,-1.09,-2.46,-0.48,-2.30,2.25,2.22,10.12,87.01,161.47,6548.34,1.91,1.89,300.18,300.29,299.72,295.09,285.50,41.37,5,UP,NEUTRAL
TGT,Target Corporation,NYSE,121.48,USD,-0.26,-6.19,0.87,5.65,34.99,24.07,20.42,-42.21,61.41,16500.98,3.88,2.85,125.82,125.30,122.27,115.13,104.29,43.85,5,UP,NEUTRAL
CARR,Carrier Global Corp.,NYSE,65.57,USD,0.02,-0.82,3.60,-3.07,20.16,23.46,-11.52,50.36,446.42,446.42,2.40,3.85,66.38,62.38,60.45,59.63,59.65,56.80,5,UP,NEUTRAL
DVN,Devon Energy Corporation,NYSE,46.90,USD,0.28,-1.26,-2.96,5.35,33.28,27.86,38.96,85.82,47.07,772.56,2.44,2.95,48.21,47.79,47.73,43.75,39.16,46.45,5,UP,NEUTRAL
XEL,Xcel Energy Inc.,NASDAQ,79.91,USD,0.01,-1.50,-2.90,2.17,-0.34,8.25,17.90,12.15,91.13,992.79,1.83,2.11,80.89,80.39,80.28,78.61,77.74,48.34,5,UP,NEUTRAL
XYZ,"Block, Inc. Class A",NYSE,69.78,USD,-3.24,-2.66,14.22,31.51,14.34,6.18,26.45,-65.16,650.32,523.04,3.96,3.55,71.64,68.41,65.52,63.50,67.97,51.62,5,UP,NEUTRAL
MSCI,MSCI Inc. Class A,NYSE,570.91,USD,-1.75,-1.27,6.49,11.26,-0.19,-0.12,0.31,22.83,654.07,2382.22,2.65,2.59,583.60,573.00,563.38,567.84,564.35,46.18,5,UP,NEUTRAL
KDP,Keurig Dr Pepper Inc.,NASDAQ,29.31,USD,0.48,1.75,10.48,-1.33,8.12,5.36,-12.59,-18.71,90.79,527.76,2.41,2.77,28.94,27.47,27.36,27.87,28.30,63.67,5,UP,NEUTRAL
PCG,PG&E Corporation,NYSE,16.60,USD,-1.25,1.22,-9.93,-3.71,-0.18,2.53,-3.60,55.58,-72.00,-6.48,2.14,2.44,16.37,17.03,17.38,16.92,16.23,46.21,5,UP,NEUTRAL
UAL,"United Airlines Holdings, Inc.",NASDAQ,95.70,USD,-0.15,-3.97,1.19,-16.73,0.74,-15.01,20.76,79.21,118.99,120.00,3.00,3.92,95.37,94.60,93.49,102.50,100.97,51.21,5,UP,NEUTRAL
EXR,Extra Space Storage Inc.,NYSE,142.41,USD,-1.64,0.37,3.20,-0.45,7.42,9.50,-4.79,-0.85,52.39,1016.07,1.46,2.13,142.67,140.76,139.49,139.96,139.48,52.33,5,UP,NEUTRAL
TDY,Teledyne Technologies Incorporated,NYSE,635.96,USD,0.60,0.11,-1.23,-4.99,26.85,23.97,28.88,53.88,580.46,7437.30,2.63,2.79,635.26,640.18,637.67,619.10,579.14,49.27,5,UP,NEUTRAL
CNC,Centene Corporation,NYSE,58.81,USD,-0.84,11.83,59.59,45.57,63.45,42.81,-3.45,-14.63,108.99,4845.45,3.87,4.45,55.43,44.77,41.28,42.06,37.86,83.49,5,UP,OVERBOUGHT
DOV,Dover Corporation,NYSE,214.62,USD,-0.96,-5.67,-1.01,-8.52,18.59,9.96,16.90,42.84,303.19,35486.73,2.17,2.49,221.57,218.86,215.51,213.89,195.87,43.58,5,UP,NEUTRAL
EIX,Edison International,NYSE,70.62,USD,-0.91,1.85,-6.40,5.00,19.63,16.98,24.88,20.88,-1.74,692.93,1.91,2.29,69.60,70.90,71.19,67.81,61.93,52.30,5,UP,NEUTRAL
VRSN,"VeriSign, Inc.",NASDAQ,295.14,USD,3.27,8.32,12.64,37.27,17.63,21.42,5.35,33.98,247.80,5658.83,3.12,2.95,280.09,273.22,260.83,249.21,256.08,72.36,5,UP,OVERBOUGHT
AVB,"AvalonBay Communities, Inc.",NYSE,186.46,USD,-0.30,0.42,10.25,3.41,4.70,3.03,-10.67,-5.10,-0.57,793.22,1.33,1.93,185.12,176.21,173.13,175.86,180.93,66.54,5,UP,NEUTRAL
CINF,Cincinnati Financial Corporation,NASDAQ,163.26,USD,-0.32,1.47,0.93,-0.31,-1.73,-0.04,8.93,36.60,139.38,8802.35,1.61,1.95,161.99,163.00,162.33,163.00,160.36,51.47,5,UP,NEUTRAL
FSLR,"First Solar, Inc.",NASDAQ,234.60,USD,2.87,7.54,15.24,1.94,-4.01,-11.76,33.20,231.59,378.29,857.55,5.44,5.10,219.28,203.23,199.74,220.07,223.61,68.65,5,UP,NEUTRAL
EQR,Equity Residential,NYSE,65.83,USD,-0.09,-1.32,8.02,1.35,10.40,5.63,-6.98,-10.98,-5.53,374.45,1.21,1.99,65.75,63.05,61.88,62.18,62.46,64.32,5,UP,NEUTRAL
NI,NiSource Inc,NYSE,47.05,USD,-0.30,-2.60,-1.88,4.28,10.32,12.67,22.91,82.51,96.12,722.20,1.53,1.91,47.52,47.65,47.18,45.52,43.97,45.85,5,UP,NEUTRAL
CHD,"Church & Dwight Co., Inc.",NYSE,95.09,USD,1.69,0.93,-0.53,-5.44,11.79,13.85,0.26,7.07,95.28,38411.23,2.62,2.53,94.11,94.53,95.55,94.64,91.58,51.26,5,UP,NEUTRAL
SBAC,SBA Communications Corp. Class A,NASDAQ,207.66,USD,-2.79,-5.12,-6.68,7.16,6.42,8.05,-9.63,-27.17,105.81,2191.42,2.91,2.73,216.88,215.13,201.74,196.16,198.32,44.21,5,UP,NEUTRAL
WST,"West Pharmaceutical Services, Inc.",NYSE,302.40,USD,-3.10,-2.86,18.04,20.86,14.20,9.86,38.25,-8.59,324.78,27158.59,3.87,3.21,310.57,286.03,268.48,262.31,262.35,56.39,5,UP,NEUTRAL
DGX,Quest Diagnostics Incorporated,NYSE,190.85,USD,0.35,-0.02,-0.09,-9.89,2.12,10.12,8.86,38.10,151.88,4989.33,2.01,2.55,190.74,194.47,196.13,192.66,187.22,45.25,5,UP,NEUTRAL
FFIV,"F5, Inc.",NASDAQ,357.40,USD,0.68,5.14,24.51,27.18,51.35,39.70,27.60,98.80,243.26,6873.66,2.75,3.19,342.77,317.24,305.07,287.71,290.08,72.99,5,UP,OVERBOUGHT
MRNA,"Moderna, Inc.",NASDAQ,50.42,USD,-5.35,7.04,-1.16,25.69,106.34,69.02,96.95,-66.58,129.18,129.18,11.05,7.14,49.36,50.73,51.61,46.55,36.39,49.87,5,UP,NEUTRAL
PKG,Packaging Corporation of America,NYSE,218.22,USD,-0.79,-3.74,6.12,-11.10,10.12,5.96,14.85,40.61,230.84,1718.50,2.50,3.03,220.68,213.79,214.40,218.75,211.82,51.35,5,UP,NEUTRAL
SNA,Snap-on Incorporated,NYSE,366.60,USD,-0.71,-4.27,-3.46,-4.56,10.18,6.40,12.16,44.39,125.05,6010.03,2.64,2.72,375.21,376.63,372.65,370.47,352.93,43.64,5,UP,NEUTRAL
ESS,"Essex Property Trust, Inc.",NYSE,271.94,USD,1.23,1.59,9.08,2.81,7.13,4.99,-5.00,-5.53,18.40,1303.56,1.76,2.17,266.54,257.43,253.66,254.61,257.70,67.98,5,UP,NEUTRAL
TXT,Textron Inc.,NYSE,91.38,USD,0.62,-1.59,0.26,-6.76,13.04,4.42,18.89,35.92,141.55,1269.63,2.43,2.69,92.28,90.83,90.96,92.25,87.02,50.48,5,UP,NEUTRAL
KIM,Kimco Realty Corporation,NYSE,23.08,USD,-2.00,-2.24,-0.04,4.67,12.42,14.09,6.46,10.27,-20.39,419.29,1.34,1.61,23.49,23.41,23.19,22.29,21.79,42.91,5,UP,NEUTRAL
NWSA,News Corporation Class A,NASDAQ,26.66,USD,0.45,3.74,9.22,14.32,1.64,1.99,-4.79,0.87,128.64,74.48,3.66,2.75,26.43,25.79,25.16,25.23,26.50,59.35,5,UP,NEUTRAL
NWS,News Corporation Class B,NASDAQ,30.68,USD,0.89,3.61,8.72,14.39,3.37,3.51,-7.14,25.53,153.55,101.71,3.74,2.60,30.47,29.72,28.80,28.81,30.16,58.17,5,UP,NEUTRAL
DOC,"Healthpeak Properties, Inc.",NYSE,19.55,USD,-1.16,15.27,17.42,15.00,12.42,21.88,11.40,-40.18,-42.70,10.45,2.65,3.37,18.33,17.20,17.17,17.06,17.45,73.77,5,UP,OVERBOUGHT
APA,APA Corporation,NASDAQ,36.97,USD,-0.32,-6.24,-6.70,31.47,49.68,50.41,107.93,78.20,-31.00,1726.37,3.36,3.78,38.52,38.77,38.07,32.26,27.70,45.73,5,UP,NEUTRAL
SOLV,Solventum Corporation,NYSE,74.41,USD,-0.92,9.41,14.06,-9.16,-0.88,-6.10,-0.29,-18.28,-18.28,-18.28,2.48,2.81,71.01,68.51,67.78,73.10,73.80,67.10,5,UP,NEUTRAL
UDR,"UDR, Inc.",NYSE,37.56,USD,0.51,1.35,7.28,-6.50,7.81,2.71,-11.54,-18.04,2.23,1667.52,1.41,2.13,36.90,35.62,35.52,36.36,36.55,68.37,5,UP,NEUTRAL
SWK,"Stanley Black & Decker, Inc.",NYSE,77.66,USD,-1.55,-2.31,8.30,-15.02,16.52,3.81,5.23,-64.23,-31.52,3438.90,3.38,3.95,78.69,74.83,73.66,78.15,74.91,52.46,5,UP,NEUTRAL
MGM,MGM Resorts International,NYSE,37.41,USD,1.38,-3.13,1.22,1.82,15.53,2.13,7.84,-0.95,71.61,1260.36,3.32,3.73,38.03,38.18,37.49,36.52,35.60,45.63,5,UP,NEUTRAL
JPM,JPMorgan Chase & Co.,NYSE,300.25,USD,-1.52,-3.60,-2.35,-3.85,-2.36,-6.90,15.03,84.89,386.63,3042.10,2.42,1.97,307.12,307.61,300.18,306.47,305.32,43.84,4,UP,NEUTRAL
ORCL,Oracle Corporation,NYSE,189.76,USD,1.57,1.91,35.77,20.15,-9.99,-3.90,19.93,142.91,377.02,299806.75,4.37,4.58,185.39,169.81,162.34,167.58,210.16,61.84,4,UP,NEUTRAL
CVX,Chevron Corporation,NYSE,186.00,USD,0.03,0.22,-2.85,0.11,19.06,22.24,31.42,72.54,83.02,4623.81,1.36,2.06,187.48,189.10,193.01,181.48,167.88,45.61,4,UP,NEUTRAL
VZ,Verizon Communications Inc.,NYSE,47.21,USD,-1.50,0.10,2.43,-3.46,14.25,15.80,9.27,-20.00,-8.17,483.85,1.76,2.22,47.52,47.20,48.55,46.06,44.02,47.83,4,UP,NEUTRAL
PANW,"Palo Alto Networks, Inc.",NASDAQ,227.79,USD,5.65,26.24,46.42,36.98,12.77,23.26,18.19,316.51,939.74,2378.23,5.46,4.00,197.41,179.07,172.41,173.04,185.12,82.74,4,UP,OVERBOUGHT
AMGN,Amgen Inc.,NASDAQ,336.45,USD,0.05,2.22,-4.44,-8.24,-0.09,2.34,22.87,33.04,122.49,97777.22,1.92,2.14,332.37,342.32,349.63,349.83,326.01,46.23,4,UP,NEUTRAL
ANET,"Arista Networks, Inc.",NYSE,140.69,USD,-1.30,-8.05,-4.12,1.95,10.73,4.95,52.05,599.84,3241.81,3974.28,5.40,4.53,153.84,154.92,145.87,139.86,139.01,39.90,4,UP,NEUTRAL
GILD,"Gilead Sciences, Inc.",NASDAQ,133.05,USD,-1.40,-0.25,-3.58,-13.28,6.60,8.62,29.74,93.08,60.96,24581.72,2.88,2.47,133.19,135.36,137.99,137.19,127.69,46.24,4,UP,NEUTRAL
PFE,Pfizer Inc.,NYSE,25.96,USD,0.35,-2.26,-3.24,-6.11,1.13,3.92,13.36,-35.49,-17.84,5943.76,1.91,2.01,26.21,26.89,26.98,26.56,25.74,40.08,4,UP,NEUTRAL
CRWD,"CrowdStrike Holdings, Inc. Class A",NASDAQ,562.57,USD,3.00,20.10,48.01,34.30,7.68,18.69,31.38,200.02,785.94,785.94,4.97,3.98,499.97,449.11,435.73,436.28,459.24,79.02,4,UP,OVERBOUGHT
COP,ConocoPhillips,NYSE,117.40,USD,-0.40,-0.47,-6.05,5.57,30.10,25.41,26.60,113.30,170.69,5458.91,1.94,2.56,119.57,122.26,122.92,112.56,102.39,43.99,4,UP,NEUTRAL
BMY,Bristol-Myers Squibb Company,NYSE,56.39,USD,-0.11,-1.47,-2.96,-6.02,16.82,5.98,19.22,-13.51,-20.88,2671.68,2.06,2.34,57.06,58.27,58.72,57.92,52.34,42.49,4,UP,NEUTRAL
SO,Southern Company,NYSE,93.14,USD,-0.35,-2.42,-4.23,2.14,2.02,6.85,6.09,42.94,85.91,987.57,1.51,1.61,94.28,94.84,95.47,92.69,92.67,44.50,4,UP,NEUTRAL
GD,General Dynamics Corporation,NYSE,341.36,USD,-1.47,-2.39,1.42,-2.11,-0.14,1.43,23.70,78.06,135.63,20706.70,1.49,2.17,346.18,338.54,344.33,348.63,340.27,50.63,4,UP,NEUTRAL
CVNA,Carvana Co. Class A,NYSE,69.90,USD,-5.18,-10.70,4.80,-4.25,12.85,-17.12,24.57,53.76,2488.89,2488.89,5.54,5.58,76.25,74.49,69.17,75.51,73.95,40.66,4,UP,NEUTRAL
REGN,"Regeneron Pharmaceuticals, Inc.",NASDAQ,719.88,USD,-0.49,2.35,-3.73,-8.27,3.25,-7.02,25.97,38.44,97.47,3307.72,2.53,2.64,712.11,738.39,745.18,758.29,689.91,46.13,4,UP,NEUTRAL
EOG,"EOG Resources, Inc.",NYSE,134.93,USD,0.60,-0.79,-2.77,13.70,23.28,28.50,17.71,67.51,68.22,5297.20,1.90,2.29,135.99,135.91,136.57,124.15,118.50,49.39,4,UP,NEUTRAL
AEP,"American Electric Power Company, Inc.",NASDAQ,127.95,USD,-3.02,-6.31,-6.26,3.02,5.24,10.84,26.70,47.20,95.13,250.55,1.59,1.78,133.08,133.76,132.62,126.83,120.94,37.97,4,UP,NEUTRAL
GM,General Motors Company,NYSE,75.81,USD,-0.82,-3.06,0.26,-5.49,6.24,-6.88,52.97,37.54,145.58,116.60,2.77,2.73,76.80,77.13,76.12,79.05,71.21,45.64,4,UP,NEUTRAL
WBD,"Warner Bros. Discovery, Inc. Series A",NASDAQ,27.25,USD,0.18,0.35,-0.55,-3.13,19.78,-5.35,193.64,-23.48,-2.82,302.36,0.72,0.91,27.13,27.24,27.34,27.83,23.30,51.02,4,UP,NEUTRAL
ROST,"Ross Stores, Inc.",NASDAQ,211.76,USD,-2.72,-7.16,-4.43,8.85,31.45,17.26,42.19,67.19,284.39,38076.42,3.88,2.25,223.32,223.66,218.93,204.93,180.80,36.90,4,UP,NEUTRAL
SRE,Sempra,NYSE,91.68,USD,-1.85,-2.24,-7.07,0.22,-1.77,3.34,21.48,32.59,74.21,879.88,2.31,1.98,93.32,94.85,94.76,92.22,89.91,40.79,4,UP,NEUTRAL
URI,"United Rentals, Inc.",NYSE,935.26,USD,-2.14,-1.03,21.89,6.47,11.01,15.38,30.41,177.39,1442.32,6350.07,2.75,3.15,944.30,860.75,819.29,844.04,871.02,59.69,4,UP,NEUTRAL
OXY,Occidental Petroleum Corporation,NYSE,56.18,USD,-0.16,1.19,-4.16,19.53,33.68,36.23,27.86,132.92,-26.43,209.60,2.23,2.72,56.85,57.84,58.29,51.66,47.62,47.04,4,UP,NEUTRAL
COIN,"Coinbase Global, Inc. Class A",NASDAQ,201.80,USD,-2.81,3.08,22.43,31.81,-25.13,-12.49,-12.91,-27.01,-47.03,-47.03,7.95,6.08,199.79,191.64,191.88,198.99,256.13,53.38,4,UP,NEUTRAL
NDAQ,"Nasdaq, Inc.",NASDAQ,90.21,USD,0.80,0.92,8.99,11.45,3.40,-7.24,11.36,67.36,322.27,1704.20,1.87,2.48,89.88,88.37,87.32,89.95,90.43,56.61,4,UP,NEUTRAL
MET,"MetLife, Inc.",NYSE,78.08,USD,-0.71,-3.60,6.64,-1.21,-1.03,-1.09,-3.10,20.12,102.02,504.26,2.51,2.12,79.09,76.76,73.98,75.95,77.43,54.59,4,UP,NEUTRAL
EW,Edwards Lifesciences Corporation,NYSE,81.39,USD,2.08,-1.62,4.92,2.65,-5.68,-4.76,8.69,-7.83,131.40,6304.47,3.89,3.17,81.79,80.97,81.68,82.33,81.22,50.18,4,UP,NEUTRAL
AMP,"Ameriprise Financial, Inc.",NYSE,469.18,USD,-0.20,-1.65,5.87,-2.43,2.15,-4.25,-9.11,84.02,392.68,1134.03,2.38,2.56,468.79,460.41,455.26,476.64,481.15,53.55,4,UP,NEUTRAL
TTWO,"Take-Two Interactive Software, Inc.",NASDAQ,226.99,USD,0.44,2.71,14.94,11.60,-3.80,-11.92,0.50,37.74,525.14,6090.61,2.56,2.86,221.85,212.36,208.89,219.07,231.40,65.57,4,UP,NEUTRAL
HSY,Hershey Company,NYSE,195.67,USD,1.96,5.57,-2.28,-15.31,9.17,7.52,17.13,13.73,110.40,18684.51,2.56,2.56,187.12,193.48,202.89,203.30,193.51,54.05,4,UP,NEUTRAL
HUM,Humana Inc.,NYSE,304.85,USD,3.22,26.33,59.61,76.52,29.52,19.06,24.72,-33.38,83.78,25471.47,7.00,4.72,259.04,222.78,202.53,215.13,241.87,88.69,4,UP,OVERBOUGHT
WEC,WEC Energy Group Inc,NYSE,112.20,USD,-0.34,-2.57,-4.37,-0.87,0.85,6.18,6.86,16.58,86.53,3959.46,1.37,1.65,114.30,115.39,115.26,112.63,111.59,40.93,4,UP,NEUTRAL
PRU,"Prudential Financial, Inc.",NYSE,102.38,USD,-0.19,0.48,6.65,-2.85,-4.79,-9.29,-4.74,-3.54,34.41,251.82,2.12,2.40,100.11,98.40,96.98,102.98,104.34,62.95,4,UP,NEUTRAL
WAT,Waters Corporation,NYSE,334.93,USD,-4.91,-2.64,5.05,1.90,-10.88,-11.66,-8.35,6.21,148.70,8757.65,4.27,3.94,335.11,322.35,312.96,339.82,336.78,54.13,4,UP,NEUTRAL
AEE,Ameren Corporation,NYSE,109.09,USD,-0.37,-0.15,-3.61,0.59,4.12,9.37,15.50,30.30,126.70,387.55,1.30,1.82,110.72,111.38,110.83,107.61,104.82,43.23,4,UP,NEUTRAL
EL,Estee Lauder Companies Inc. Class A,NYSE,82.13,USD,-3.25,-1.99,13.99,-22.72,-7.52,-22.24,25.95,-72.00,-12.83,852.23,3.63,3.93,82.81,77.31,79.87,95.17,93.94,52.96,4,UP,NEUTRAL
DTE,DTE Energy Company,NYSE,142.00,USD,-0.41,-1.13,-5.02,1.43,2.94,9.79,6.77,18.70,82.82,529.78,1.44,1.89,144.28,146.28,146.45,141.26,139.32,41.60,4,UP,NEUTRAL
IQV,IQVIA Holdings Inc,NYSE,172.38,USD,-1.53,-4.40,3.41,5.80,-21.91,-23.53,11.21,-25.40,162.17,293.92,3.82,4.06,170.83,170.27,169.78,190.35,196.62,52.07,4,UP,NEUTRAL
CNP,"CenterPoint Energy, Inc.",NYSE,42.16,USD,0.07,-2.59,-2.83,2.23,6.52,9.99,14.29,71.03,91.03,236.07,1.63,1.84,42.67,42.93,42.98,41.49,40.11,44.54,4,UP,NEUTRAL
KHC,Kraft Heinz Company,NASDAQ,23.18,USD,-0.81,0.04,0.91,-5.27,-7.41,-4.57,-17.66,-47.32,-72.83,-67.35,3.28,2.50,23.06,22.67,22.65,23.33,24.62,55.11,4,UP,NEUTRAL
ARES,Ares Management Corporation,NYSE,123.18,USD,-0.39,-0.98,23.30,-10.96,-15.80,-24.28,-29.09,138.31,779.86,578.68,3.68,4.57,122.41,114.86,111.70,130.42,148.22,59.30,4,UP,NEUTRAL
TROW,"T. Rowe Price Group, Inc.",NASDAQ,103.01,USD,0.17,-1.78,12.53,9.56,0.46,0.53,5.88,-45.58,36.64,12701.23,2.72,2.25,103.91,98.36,94.63,97.96,101.16,60.02,4,UP,NEUTRAL
SMCI,"Super Micro Computer, Inc.",NASDAQ,32.00,USD,-2.41,1.78,27.69,-0.57,-6.53,6.81,-7.14,819.01,1175.41,3515.82,7.65,6.15,31.22,27.85,27.80,29.39,36.93,57.56,4,UP,NEUTRAL
INVH,"Invitation Homes, Inc.",NYSE,28.46,USD,0.00,-0.97,9.50,4.29,0.07,2.86,-17.39,-18.10,41.59,41.59,1.68,2.04,28.68,27.24,26.44,26.62,27.81,61.99,4,UP,NEUTRAL
CPT,Camden Property Trust,NYSE,105.35,USD,0.11,0.26,3.67,-5.84,3.18,-3.90,-11.26,-13.82,22.23,363.08,1.33,2.10,104.67,102.87,102.13,105.33,105.41,58.49,4,UP,NEUTRAL
REG,Regency Centers Corporation,NASDAQ,76.67,USD,-1.21,-3.15,-2.19,-0.57,9.62,11.65,3.55,21.01,-2.12,298.29,1.33,1.58,78.07,78.70,77.83,75.29,73.13,39.05,4,UP,NEUTRAL
PNW,Pinnacle West Capital Corp,NYSE,99.08,USD,-0.75,-2.36,-4.36,2.67,11.15,11.70,10.10,15.88,33.44,326.15,1.29,1.78,100.80,102.07,101.46,97.41,93.54,40.08,4,UP,NEUTRAL
ZBRA,Zebra Technologies Corporation Class A,NASDAQ,246.76,USD,2.06,6.36,12.61,-15.97,3.68,0.17,-17.95,-48.25,380.36,5984.43,5.27,3.92,229.54,225.36,219.12,233.16,262.24,64.65,4,UP,NEUTRAL
SWKS,"Skyworks Solutions, Inc.",NASDAQ,68.14,USD,2.76,0.15,21.36,7.05,1.34,6.19,-6.48,-58.65,11.76,4617.34,4.92,4.50,68.23,61.76,58.97,59.84,66.13,58.56,4,UP,NEUTRAL
MSFT,Microsoft Corporation,NASDAQ,405.21,USD,-0.63,-0.68,8.46,0.05,-18.67,-16.35,-9.51,65.00,687.73,416684.09,1.72,2.40,412.27,405.16,398.76,420.55,464.10,47.34,3,SIDEWAYS,NEUTRAL
BRK.B,Berkshire Hathaway Inc. Class B,NYSE,485.52,USD,0.12,4.19,1.38,-3.13,-5.67,-3.08,-5.84,68.19,239.03,1992.76,1.43,1.40,475.15,475.35,479.58,487.10,489.78,61.39,3,SIDEWAYS,NEUTRAL
V,Visa Inc. Class A,NYSE,320.31,USD,-1.87,-1.06,5.39,-2.61,-4.64,-8.45,-9.90,41.84,312.19,2053.34,1.66,1.80,323.62,314.64,311.69,322.24,331.48,52.74,3,SIDEWAYS,NEUTRAL
GE,GE Aerospace,NYSE,294.71,USD,-0.92,-1.90,-3.82,-7.26,-2.08,-4.86,33.96,351.17,105.48,6082.60,2.82,3.45,294.22,295.33,298.38,308.34,299.45,49.57,3,SIDEWAYS,NEUTRAL
RTX,RTX Corporation,NYSE,178.11,USD,-0.44,1.90,-11.72,-9.59,2.39,-2.94,35.96,110.91,198.28,11630.78,2.17,2.69,176.10,186.36,192.05,193.74,179.65,40.99,3,SIDEWAYS,NEUTRAL
DIS,Walt Disney Company,NYSE,104.90,USD,-1.19,-1.52,6.47,-2.81,-2.44,-7.53,-4.85,-39.34,3.14,36922.14,2.50,2.23,104.91,102.54,101.02,105.43,109.00,53.61,3,SIDEWAYS,NEUTRAL
SCHW,Charles Schwab Corp,NYSE,91.17,USD,1.10,-1.29,-3.75,-5.03,-3.96,-8.62,6.62,29.03,227.24,25074.58,2.64,2.75,90.65,92.50,93.11,96.62,95.63,48.11,3,SIDEWAYS,NEUTRAL
APP,AppLovin Corp. Class A,NASDAQ,453.53,USD,-7.57,-5.32,14.63,12.26,-15.12,-33.63,30.13,767.00,547.90,547.90,9.00,5.87,471.84,447.98,448.16,493.09,530.29,48.67,3,SIDEWAYS,NEUTRAL
UBER,"Uber Technologies, Inc.",NYSE,74.70,USD,-2.17,-3.56,6.61,3.48,-17.06,-8.95,-14.54,65.89,77.86,77.86,3.61,3.26,75.52,74.60,74.26,76.62,84.59,48.99,3,SIDEWAYS,NEUTRAL
BX,Blackstone Inc.,NYSE,119.62,USD,-2.56,-4.30,3.53,-10.93,-13.55,-22.90,-19.81,39.66,357.96,233.14,2.59,3.37,123.23,122.08,117.32,129.90,145.81,46.05,3,SIDEWAYS,NEUTRAL
CB,Chubb Limited,NYSE,316.01,USD,-1.87,-2.24,-3.63,-4.26,6.20,1.79,9.15,87.23,152.85,3241.07,1.84,1.89,322.20,326.40,326.45,321.76,302.14,36.96,3,SIDEWAYS,NEUTRAL
LMT,Lockheed Martin Corporation,NYSE,519.94,USD,-0.20,2.16,-15.85,-17.47,14.06,7.59,9.97,33.26,114.51,1969.41,2.10,2.65,514.42,561.52,591.72,587.62,527.34,35.53,3,SIDEWAYS,NEUTRAL
KKR,KKR & Co Inc,NYSE,97.43,USD,-2.05,-5.80,6.89,-8.88,-17.97,-24.40,-22.22,76.09,657.62,319.05,3.18,3.51,101.34,99.43,95.60,105.85,118.75,44.67,3,SIDEWAYS,NEUTRAL
PNC,"PNC Financial Services Group, Inc.",NYSE,209.86,USD,-2.49,-6.07,-4.44,-11.37,14.15,0.54,19.48,6.84,144.19,5615.34,2.36,2.26,218.16,219.73,213.78,217.76,205.81,37.40,3,SIDEWAYS,NEUTRAL
UPS,"United Parcel Service, Inc. Class B",NYSE,98.45,USD,0.01,-0.49,-2.41,-18.21,2.86,-0.86,-2.89,-54.59,-3.17,51.46,1.74,2.48,100.84,102.52,101.08,105.22,97.34,41.72,3,SIDEWAYS,NEUTRAL
ADP,"Automatic Data Processing, Inc.",NASDAQ,208.63,USD,-2.42,0.11,10.82,-3.67,-18.06,-18.83,-32.72,7.35,141.41,25671.20,2.87,2.49,211.65,203.90,206.60,224.33,253.06,51.30,3,SIDEWAYS,NEUTRAL
USB,U.S. Bancorp,NYSE,52.74,USD,-3.19,-6.04,-4.61,-11.20,11.76,-1.11,19.86,-14.03,26.20,7840.44,2.40,2.11,55.25,55.50,54.04,55.06,51.53,34.83,3,SIDEWAYS,NEUTRAL
CRH,CRH public limited company,NYSE,108.75,USD,-2.37,-6.42,-5.96,-13.74,-1.13,-13.35,9.08,114.33,273.33,3146.27,2.56,2.65,113.12,113.85,110.06,117.19,115.76,41.63,3,SIDEWAYS,NEUTRAL
HOOD,"Robinhood Markets, Inc. Class A",NASDAQ,76.75,USD,-1.94,-1.35,12.53,-2.69,-33.35,-33.54,30.26,101.97,101.97,101.97,5.03,4.90,76.83,78.17,76.57,87.65,105.51,47.79,3,SIDEWAYS,NEUTRAL
O,Realty Income Corporation,NYSE,61.52,USD,-1.62,-3.19,-2.92,-4.91,8.23,9.17,10.29,-2.26,-0.58,694.11,1.84,1.49,62.92,63.24,63.15,62.25,60.30,39.99,3,SIDEWAYS,NEUTRAL
GRMN,Garmin Ltd.,NYSE,232.02,USD,-2.09,-2.51,-9.26,12.08,19.54,13.92,16.59,66.22,479.33,2834.64,2.68,2.66,240.30,251.01,245.45,230.22,228.27,36.45,3,SIDEWAYS,NEUTRAL
FITB,Fifth Third Bancorp,NASDAQ,47.17,USD,-3.00,-7.05,-3.59,-13.73,11.67,0.68,19.84,11.80,169.39,16018.17,2.34,2.21,49.52,49.54,47.91,49.23,46.47,37.90,3,SIDEWAYS,NEUTRAL
KR,Kroger Co.,NYSE,66.24,USD,2.51,-0.62,-3.34,-3.55,0.45,6.22,-4.35,79.41,90.78,8596.12,2.17,2.30,66.40,68.03,69.95,67.31,67.27,44.12,3,SIDEWAYS,NEUTRAL
ODFL,"Old Dominion Freight Line, Inc.",NASDAQ,189.18,USD,-1.02,-3.76,-9.05,-4.83,39.80,19.92,7.51,42.55,793.20,33051.12,3.17,3.85,197.89,207.33,200.35,190.24,167.07,37.04,3,SIDEWAYS,NEUTRAL
ED,"Consolidated Edison, Inc.",NYSE,106.16,USD,-0.69,-2.73,-6.50,-3.49,4.40,6.55,2.82,33.35,41.70,1206.58,1.90,1.86,107.96,110.24,110.99,108.07,103.84,37.00,3,SIDEWAYS,NEUTRAL
CCI,Crown Castle Inc.,NYSE,89.62,USD,-2.05,-0.12,3.93,2.58,-1.98,0.87,-11.23,-50.40,-0.69,596.08,2.54,2.75,90.10,87.29,86.24,86.59,91.15,55.11,3,SIDEWAYS,NEUTRAL
SYY,Sysco Corporation,NYSE,73.19,USD,0.29,-0.64,0.23,-17.08,-2.80,0.36,1.72,-12.22,45.91,54225.88,1.73,2.11,73.15,73.92,77.33,79.29,78.82,42.86,3,SIDEWAYS,NEUTRAL
ACGL,Arch Capital Group Ltd.,NASDAQ,93.32,USD,-1.05,-0.94,-2.18,-5.30,0.24,-2.56,-1.15,131.79,290.57,3997.02,1.71,2.13,94.05,95.96,95.42,95.87,93.14,41.92,3,SIDEWAYS,NEUTRAL
ATO,Atmos Energy Corporation,NYSE,179.95,USD,-1.09,-4.78,-5.42,1.85,1.11,7.66,15.79,78.43,141.45,3122.97,2.39,1.95,184.51,186.28,185.59,178.81,174.12,38.47,3,SIDEWAYS,NEUTRAL
RJF,"Raymond James Financial, Inc.",NYSE,153.96,USD,0.31,-3.73,6.03,-2.82,-3.53,-3.91,1.29,74.15,351.05,25773.37,2.95,2.60,155.59,152.12,149.84,157.12,160.69,51.37,3,SIDEWAYS,NEUTRAL
MTB,M&T Bank Corporation,NYSE,204.08,USD,-2.24,-6.13,-6.54,-13.58,9.49,1.55,10.12,23.83,77.74,16145.17,2.08,2.06,212.80,215.65,210.79,214.46,203.11,35.15,3,SIDEWAYS,NEUTRAL
TPR,"Tapestry, Inc.",NYSE,132.70,USD,0.74,-8.88,-10.90,-14.80,33.72,2.69,60.09,191.46,251.62,5208.00,4.88,3.24,137.95,144.52,144.24,141.40,125.48,39.37,3,SIDEWAYS,NEUTRAL
TPL,Texas Pacific Land Corporation,NYSE,386.51,USD,-3.71,-7.40,-5.73,-6.73,18.49,35.14,-14.01,107.62,2060.62,549157.61,6.74,4.36,414.41,425.15,463.84,416.25,361.33,31.21,3,SIDEWAYS,NEUTRAL
HUBB,Hubbell Incorporated,NYSE,483.79,USD,-0.45,-6.71,-9.61,-7.00,12.38,8.05,27.85,150.20,356.49,28227.56,2.64,3.08,498.83,521.70,505.66,496.53,465.80,34.67,3,SIDEWAYS,NEUTRAL
CFG,"Citizens Financial Group, Inc.",NYSE,60.43,USD,-2.45,-6.89,-5.01,-10.34,17.55,3.37,44.99,21.71,182.12,181.07,2.91,2.44,63.55,63.87,61.53,61.98,56.88,36.93,3,SIDEWAYS,NEUTRAL
AWK,"American Water Works Company, Inc.",NYSE,127.37,USD,-0.22,1.90,-6.37,2.93,-3.98,-2.20,-7.37,-16.29,70.65,518.30,1.98,2.47,126.67,131.62,133.60,131.91,134.57,41.77,3,SIDEWAYS,NEUTRAL
PPG,"PPG Industries, Inc.",NYSE,105.46,USD,-0.86,-4.33,-4.28,-20.11,8.22,2.36,-7.69,-40.80,-1.96,7628.33,2.67,2.88,107.64,108.61,107.02,111.04,107.53,44.65,3,SIDEWAYS,NEUTRAL
KEY,KeyCorp,NYSE,20.75,USD,-2.49,-5.68,-2.54,-8.31,18.37,0.58,25.30,-10.06,74.96,1118.35,2.27,2.20,21.64,21.56,20.78,21.14,19.76,39.59,3,SIDEWAYS,NEUTRAL
L,Loews Corporation,NYSE,104.08,USD,-0.30,-2.64,-4.78,-6.40,-0.75,-0.88,16.42,78.52,163.09,52624.63,1.68,2.07,106.20,108.84,108.35,107.54,103.58,36.79,3,SIDEWAYS,NEUTRAL
SW,Smurfit Westrock PLC,NYSE,40.44,USD,-0.34,-1.53,-2.58,-19.31,17.52,4.12,-11.22,-33.32,2.82,-21.67,2.79,3.49,40.23,40.70,40.57,41.98,41.49,49.05,3,SIDEWAYS,NEUTRAL
HPQ,HP Inc.,NYSE,21.26,USD,0.85,0.28,16.24,11.89,-13.93,-5.68,-24.73,-34.91,84.39,10918.97,5.04,4.25,21.27,20.07,19.61,19.95,23.21,56.58,3,SIDEWAYS,NEUTRAL
LUV,Southwest Airlines Co.,NYSE,39.41,USD,-0.18,-4.69,1.81,-24.52,21.08,-5.06,25.31,-35.08,-4.88,411578.68,3.11,3.95,39.78,39.61,39.98,43.15,37.99,47.70,3,SIDEWAYS,NEUTRAL
AMCR,Amcor PLC,NYSE,39.10,USD,-0.31,-3.75,-3.98,-21.56,-8.00,-6.35,-15.82,-36.83,-29.61,-29.61,2.29,2.69,38.89,39.83,40.18,42.68,42.43,46.71,3,SIDEWAYS,NEUTRAL
LII,Lennox International Inc.,NYSE,507.50,USD,-0.21,-5.59,0.79,-9.75,7.07,3.96,-14.97,45.29,268.23,2553.59,2.97,3.47,522.50,499.52,493.84,508.48,520.51,50.09,3,SIDEWAYS,NEUTRAL
MAA,"Mid-America Apartment Communities, Inc.",NYSE,129.34,USD,0.09,-0.55,2.65,-5.15,-1.40,-6.62,-21.07,-17.40,26.79,498.10,1.29,2.08,129.52,127.14,126.77,131.01,133.90,54.92,3,SIDEWAYS,NEUTRAL
BALL,Ball Corporation,NYSE,56.45,USD,-1.95,-3.55,-8.36,-16.58,18.07,6.39,5.75,-36.42,55.68,16802.01,2.45,2.68,58.81,60.99,60.88,60.13,55.19,34.12,3,SIDEWAYS,NEUTRAL
GEN,Gen Digital Inc.,NASDAQ,23.29,USD,5.67,18.40,30.55,-5.71,-12.64,-14.47,-19.69,-8.59,42.97,3140.34,5.40,3.75,20.82,19.75,20.11,22.52,25.34,71.89,3,SIDEWAYS,OVERBOUGHT
MAS,Masco Corporation,NYSE,67.48,USD,-3.32,-6.06,6.77,-12.65,9.69,6.00,-3.02,5.24,115.66,11457.96,3.36,3.13,70.55,67.74,65.30,67.36,67.77,45.75,3,SIDEWAYS,NEUTRAL
PSKY,Paramount Skydance Corporation Class B,NASDAQ,10.47,USD,-2.06,-3.01,-0.57,-4.82,-31.48,-21.87,-12.53,-73.11,-80.69,-58.99,3.70,4.16,10.79,10.85,10.43,11.14,13.40,45.67,3,SIDEWAYS,NEUTRAL
ALGN,"Align Technology, Inc.",NASDAQ,161.75,USD,-2.44,-4.56,-5.82,-17.89,18.06,2.56,-14.81,-71.25,114.32,996.61,3.71,3.64,169.88,177.86,176.15,174.45,157.32,35.63,3,SIDEWAYS,NEUTRAL
GDDY,"GoDaddy, Inc. Class A",NYSE,85.38,USD,-1.90,-1.34,7.23,-5.76,-34.42,-30.93,-54.44,6.97,176.40,226.50,5.43,4.62,87.58,84.99,84.96,94.77,116.13,48.00,3,SIDEWAYS,NEUTRAL
SJM,J.M. Smucker Company,NYSE,100.87,USD,0.54,3.85,10.85,-8.88,-7.98,2.97,-10.56,-26.06,-22.97,6304.71,2.37,2.43,98.45,95.87,98.64,101.54,104.08,63.23,3,SIDEWAYS,NEUTRAL
BXP,BXP Inc,NYSE,58.40,USD,-1.03,-1.25,10.65,-6.41,-17.19,-13.57,-12.76,-45.01,-55.41,123.54,1.88,2.67,59.00,56.61,55.15,59.89,65.55,54.72,3,SIDEWAYS,NEUTRAL
ARE,"Alexandria Real Estate Equities, Inc.",NYSE,47.27,USD,1.66,5.87,11.86,-11.97,-9.10,-3.12,-36.65,-72.65,-49.55,129.19,3.15,4.55,44.43,44.90,46.53,50.03,59.83,56.54,3,SIDEWAYS,NEUTRAL
CRL,"Charles River Laboratories International, Inc.",NYSE,162.85,USD,-3.46,-13.02,-8.24,3.40,-2.53,-18.63,14.50,-49.52,100.23,735.13,5.50,4.63,173.15,174.54,170.04,183.54,176.32,41.07,3,SIDEWAYS,NEUTRAL
META,Meta Platforms Inc Class A,NASDAQ,616.63,USD,2.26,2.59,-2.04,-7.96,2.47,-6.96,-4.48,99.21,413.94,1366.42,2.11,2.40,609.38,632.27,623.78,640.26,674.24,46.39,2,SIDEWAYS,NEUTRAL
ABBV,"AbbVie, Inc.",NYSE,208.50,USD,0.31,1.16,1.00,-5.90,-10.75,-8.85,10.30,77.66,236.78,463.51,2.34,2.59,206.06,206.00,210.70,217.66,218.58,52.94,2,SIDEWAYS,NEUTRAL
BAC,Bank of America Corp,NYSE,49.84,USD,-1.85,-7.40,-4.48,-7.55,-5.71,-9.43,14.79,18.50,252.23,1502.89,2.66,2.21,52.08,52.29,50.54,52.16,51.59,37.94,2,SIDEWAYS,NEUTRAL
AXP,American Express Company,NYSE,309.61,USD,-1.50,-3.25,-0.50,-13.15,-14.43,-16.21,3.20,99.25,381.13,9075.18,1.72,2.24,317.08,318.19,311.21,333.96,336.33,42.62,2,SIDEWAYS,NEUTRAL
TMUS,"T-Mobile US, Inc.",NASDAQ,190.28,USD,-1.56,-1.24,-2.88,-10.62,-12.50,-5.92,-20.47,36.83,369.13,279.04,2.43,2.93,193.57,194.43,202.08,201.63,214.87,42.87,2,SIDEWAYS,NEUTRAL
PEP,"PepsiCo, Inc.",NASDAQ,149.27,USD,-1.70,-4.19,-4.92,-12.07,2.32,4.22,13.80,1.41,41.15,19864.88,2.62,2.21,154.29,155.30,155.68,154.72,150.34,38.38,2,SIDEWAYS,NEUTRAL
TJX,TJX Companies Inc,NYSE,147.03,USD,-2.15,-5.66,-8.66,-3.97,0.60,-4.06,11.66,106.16,302.16,82967.33,2.82,2.00,153.27,157.51,157.41,156.27,149.14,29.25,2,SIDEWAYS,OVERSOLD
SYK,Stryker Corporation,NYSE,302.09,USD,2.59,1.50,-11.41,-17.37,-18.75,-14.00,-22.28,21.37,169.94,362400.75,3.27,2.91,294.71,320.82,330.18,347.12,360.46,41.61,2,SIDEWAYS,NEUTRAL
PH,Parker-Hannifin Corporation,NYSE,882.37,USD,0.12,-1.03,-10.20,-11.81,5.93,0.09,31.07,178.55,685.31,25948.54,2.08,2.78,883.85,935.52,927.03,937.50,858.87,39.87,2,SIDEWAYS,NEUTRAL
DUK,Duke Energy Corporation,NYSE,123.90,USD,-0.94,-2.47,-6.02,-1.20,0.46,5.73,6.83,19.93,52.81,659.07,1.29,1.60,126.16,128.16,129.10,125.24,124.03,37.57,2,SIDEWAYS,NEUTRAL
WM,"Waste Management, Inc.",NYSE,216.44,USD,-0.56,-2.98,-5.99,-7.89,5.01,-1.32,-3.80,52.58,251.02,4123.22,2.05,2.10,221.92,226.52,229.76,227.93,222.78,37.32,2,SIDEWAYS,NEUTRAL
AMT,American Tower Corporation,NYSE,173.87,USD,-2.77,-2.95,-3.13,-4.71,-4.91,-0.79,-16.61,-29.08,63.50,727.95,2.39,2.39,178.99,177.91,178.60,178.86,185.18,42.65,2,SIDEWAYS,NEUTRAL
MMM,3M Company,NYSE,147.10,USD,2.72,1.46,-1.89,-15.16,-12.91,-8.12,-2.46,-13.75,3.46,4039.79,1.98,2.53,144.06,146.77,147.59,155.66,157.61,51.82,2,SIDEWAYS,NEUTRAL
MCO,Moody's Corporation,NYSE,438.32,USD,-2.97,-4.36,3.07,6.09,-10.56,-14.01,-9.95,32.82,363.63,3516.81,2.64,2.66,451.73,449.80,446.61,469.59,481.41,42.04,2,SIDEWAYS,NEUTRAL
ORLY,"O'Reilly Automotive, Inc.",NASDAQ,89.70,USD,-2.33,-5.12,-3.68,-4.85,-9.94,-1.15,0.13,141.57,410.55,55099.97,2.52,2.49,94.03,93.25,92.53,93.44,97.18,40.21,2,SIDEWAYS,NEUTRAL
TDG,TransDigm Group Incorporated,NYSE,1201.40,USD,0.86,-2.45,-0.48,-9.93,-9.61,-9.60,-15.44,103.12,388.27,4916.28,2.77,3.12,1193.72,1200.83,1205.61,1277.29,1308.36,50.33,2,SIDEWAYS,NEUTRAL
RSG,"Republic Services, Inc.",NYSE,203.67,USD,0.64,0.63,-5.39,-9.58,-2.07,-3.27,-15.64,84.05,317.44,1109.91,2.27,1.97,203.12,209.44,214.79,215.85,219.32,43.26,2,SIDEWAYS,NEUTRAL
TEL,TE Connectivity plc,NYSE,207.66,USD,-2.84,-0.16,-8.72,-9.80,-10.84,-9.87,28.67,56.30,254.31,461.24,4.17,3.56,209.12,218.85,212.62,221.03,220.99,44.91,2,SIDEWAYS,NEUTRAL
PCAR,PACCAR Inc,NASDAQ,111.78,USD,-1.11,-3.21,-12.12,-14.26,15.77,1.81,16.95,76.79,195.61,22705.36,1.92,2.66,114.53,120.73,119.06,120.00,110.06,34.37,2,SIDEWAYS,NEUTRAL
TFC,Truist Financial Corporation,NYSE,46.54,USD,-2.62,-7.84,-5.25,-14.46,4.00,-5.51,12.82,-23.69,38.22,1374.86,2.43,2.20,49.38,49.66,47.95,49.55,47.40,34.75,2,SIDEWAYS,NEUTRAL
LHX,L3Harris Technologies Inc,NYSE,304.93,USD,-1.47,1.07,-14.16,-10.71,7.08,3.72,39.36,41.34,301.75,8697.03,2.42,2.69,306.50,332.31,342.50,339.30,311.51,33.06,2,SIDEWAYS,NEUTRAL
FAST,Fastenal Company,NASDAQ,43.77,USD,1.04,-2.30,-10.20,-7.56,7.44,8.72,8.49,63.26,283.61,138520.13,2.29,2.17,44.27,45.29,45.41,44.70,44.79,43.01,2,SIDEWAYS,NEUTRAL
EA,Electronic Arts Inc.,NASDAQ,200.18,USD,-0.00,-0.65,-1.26,-1.15,-0.55,-2.06,35.05,42.77,167.87,38722.79,0.40,0.43,201.05,202.44,201.78,202.25,195.00,31.30,2,SIDEWAYS,NEUTRAL
EXC,Exelon Corporation,NASDAQ,44.27,USD,-1.58,-5.30,-8.74,-3.59,-2.77,1.63,1.56,39.36,75.58,313.89,1.77,2.13,45.21,46.92,47.65,46.38,45.76,35.38,2,SIDEWAYS,NEUTRAL
YUM,"Yum! Brands, Inc.",NYSE,149.77,USD,-2.02,-3.85,-7.42,-6.52,-0.12,-1.17,1.88,26.52,156.26,2503.59,2.83,2.26,154.44,157.75,157.98,157.75,152.39,37.55,2,SIDEWAYS,NEUTRAL
CBRE,"CBRE Group, Inc. Class A",NYSE,140.65,USD,-2.37,-2.58,0.04,-7.43,-8.01,-12.26,5.72,62.13,389.90,2120.81,2.53,2.96,143.62,144.56,140.70,150.74,154.38,42.94,2,SIDEWAYS,NEUTRAL
AIG,"American International Group, Inc.",NYSE,75.78,USD,-0.81,-3.91,-1.04,-3.46,-3.43,-11.09,-9.41,48.59,34.77,431.54,2.22,2.26,76.83,76.63,76.40,77.42,78.25,46.72,2,SIDEWAYS,NEUTRAL
DHI,"D.R. Horton, Inc.",NYSE,140.73,USD,-1.77,-6.80,-0.87,-14.66,-2.22,-2.50,10.14,46.59,383.77,8417.84,2.58,2.89,146.56,148.22,145.18,149.79,154.31,40.44,2,SIDEWAYS,NEUTRAL
BDX,"Becton, Dickinson and Company",NYSE,144.18,USD,-2.26,-0.59,-6.33,-20.29,-4.96,-5.57,4.92,-23.09,12.62,4795.87,3.99,2.69,147.11,152.07,155.34,160.07,154.37,40.51,2,SIDEWAYS,NEUTRAL
HIG,"Hartford Insurance Group, Inc.",NYSE,132.63,USD,-0.36,-1.54,-3.09,-7.26,-1.34,-3.32,3.01,104.05,197.58,433.19,1.67,1.98,133.66,136.44,136.01,136.70,133.72,40.89,2,SIDEWAYS,NEUTRAL
VMC,Vulcan Materials Company,NYSE,274.54,USD,-1.71,-7.51,-6.53,-14.91,-3.12,-3.70,0.65,43.18,137.18,34128.72,2.48,2.48,288.32,289.53,281.16,292.52,292.51,37.73,2,SIDEWAYS,NEUTRAL
EQT,EQT Corporation,NYSE,55.93,USD,0.27,-2.70,-4.85,-1.88,-5.28,4.84,1.56,173.23,46.33,12136.26,1.87,2.64,57.42,58.34,60.69,58.11,56.24,36.74,2,SIDEWAYS,NEUTRAL
PAYX,"Paychex, Inc.",NASDAQ,89.92,USD,-4.04,-1.88,4.94,-4.49,-19.94,-19.80,-40.77,-9.35,72.56,43108.13,3.40,2.73,92.81,91.53,92.42,98.05,111.99,42.86,2,SIDEWAYS,NEUTRAL
HBAN,Huntington Bancshares Incorporated,NASDAQ,15.35,USD,-3.09,-7.59,-5.65,-15.15,-1.92,-11.68,-3.88,-2.04,55.52,1342.64,2.58,2.43,16.21,16.39,16.07,16.92,16.77,34.89,2,SIDEWAYS,NEUTRAL
VICI,VICI Properties Inc,NYSE,28.21,USD,-1.19,-0.49,0.64,-4.05,-7.63,0.18,-10.50,-6.84,52.08,52.08,1.49,1.76,28.61,28.36,28.28,28.49,29.89,46.29,2,SIDEWAYS,NEUTRAL
GEHC,GE Healthcare Technologies Inc.,NASDAQ,61.89,USD,-0.64,0.11,-14.78,-22.26,-16.04,-25.05,-16.76,-1.76,-1.76,-1.76,2.57,2.87,61.63,68.12,69.73,76.02,75.86,36.68,2,SIDEWAYS,NEUTRAL
PPL,PPL Corporation,NYSE,35.75,USD,-1.65,-4.28,-10.40,-1.19,-2.24,2.14,3.47,22.43,-7.88,431.43,1.85,2.00,36.81,38.22,38.08,37.11,36.69,31.08,2,SIDEWAYS,NEUTRAL
ES,Eversource Energy,NYSE,68.25,USD,-0.70,-0.67,-2.23,-2.92,-7.03,0.68,9.64,-19.80,18.37,310.53,2.21,2.06,68.64,68.85,69.74,69.81,69.13,47.29,2,SIDEWAYS,NEUTRAL
FE,FirstEnergy Corp.,NYSE,44.12,USD,-1.32,-3.65,-14.35,-8.37,-3.54,-1.65,5.75,17.94,30.42,69.69,1.52,2.02,45.56,48.71,49.36,48.22,46.59,21.78,2,SIDEWAYS,OVERSOLD
RF,Regions Financial Corporation,NYSE,26.63,USD,-1.92,-5.70,-1.88,-14.70,7.12,-1.70,19.47,17.73,191.68,968.50,2.66,2.30,27.68,27.71,26.99,27.82,26.77,39.93,2,SIDEWAYS,NEUTRAL
CMS,CMS Energy Corporation,NYSE,72.81,USD,-0.68,-2.48,-8.21,-2.65,-1.63,4.15,4.06,14.18,73.07,67.86,1.30,1.74,74.33,76.42,76.56,74.50,73.61,35.56,2,SIDEWAYS,NEUTRAL
DRI,"Darden Restaurants, Inc.",NYSE,192.81,USD,-3.17,-2.76,0.75,-9.92,10.09,4.48,-5.49,41.99,203.40,3212.71,3.20,2.84,195.67,196.61,198.40,201.35,196.28,43.91,2,SIDEWAYS,NEUTRAL
CHRW,"C.H. Robinson Worldwide, Inc.",NASDAQ,163.26,USD,-2.36,-1.36,0.20,-16.97,8.74,1.17,69.53,64.31,125.00,2902.48,2.71,3.57,169.93,174.06,173.41,176.11,156.07,38.39,2,SIDEWAYS,NEUTRAL
GPN,Global Payments Inc.,NYSE,67.01,USD,-2.33,-7.32,3.17,-7.38,-10.78,-13.65,-19.47,-66.16,-9.74,1686.93,3.28,3.51,69.89,68.71,69.66,72.83,77.73,41.09,2,SIDEWAYS,NEUTRAL
ZBH,"Zimmer Biomet Holdings, Inc.",NYSE,82.72,USD,-0.78,-1.19,-10.60,-13.43,-9.01,-8.06,-15.58,-48.68,-27.18,189.04,3.37,3.13,82.52,88.82,89.67,90.73,94.37,40.15,2,SIDEWAYS,NEUTRAL
BF.B,Brown-Forman Corporation Class B,NYSE,26.16,USD,-1.51,-1.65,-11.62,-13.38,-6.14,0.11,-25.79,-66.41,-33.18,10495.51,4.88,4.07,26.38,27.57,26.33,27.09,27.85,44.97,2,SIDEWAYS,NEUTRAL
CLX,Clorox Company,NYSE,92.00,USD,3.24,4.69,-12.26,-27.28,-12.21,-9.00,-33.23,-49.69,-30.88,5042.36,3.48,3.05,90.04,97.77,102.16,107.40,111.62,42.31,2,SIDEWAYS,NEUTRAL
UHS,"Universal Health Services, Inc. Class B",NYSE,171.01,USD,0.81,2.40,-4.74,-26.35,-24.98,-21.49,-10.25,8.04,28.47,8945.16,3.25,3.67,168.46,175.59,180.92,198.28,200.79,44.51,2,SIDEWAYS,NEUTRAL
CAG,"Conagra Brands, Inc.",NYSE,14.09,USD,0.64,0.36,-6.75,-29.90,-19.49,-18.22,-39.40,-63.11,-60.73,5997.06,3.12,2.79,14.08,14.58,15.34,16.70,17.52,40.19,2,SIDEWAYS,NEUTRAL
MA,Mastercard Incorporated Class A,NYSE,490.64,USD,-1.83,-1.70,-1.13,-9.13,-11.76,-14.03,-15.11,35.15,413.28,12074.69,1.78,2.12,497.68,504.55,504.20,524.39,545.75,42.74,1,DOWN,NEUTRAL
NFLX,"Netflix, Inc.",NASDAQ,87.56,USD,-0.11,0.47,-15.02,10.68,-23.38,-6.98,-21.43,79.48,901.95,75615.98,2.33,2.71,88.93,94.99,94.93,90.69,102.87,37.71,1,DOWN,NEUTRAL
PG,Procter & Gamble Company,NYSE,142.24,USD,-1.16,-2.84,-1.90,-11.11,-4.60,-0.61,-11.11,3.32,72.58,9761.90,1.85,1.95,145.26,144.98,146.52,148.94,150.19,42.01,1,DOWN,NEUTRAL
WFC,Wells Fargo & Company,NYSE,73.53,USD,-2.19,-8.99,-13.07,-17.67,-12.93,-21.19,-2.53,57.79,49.76,6941.24,3.26,2.39,77.96,80.65,79.64,85.05,84.23,33.28,1,DOWN,NEUTRAL
MCD,McDonald's Corporation,NYSE,275.70,USD,0.31,-3.99,-9.37,-16.41,-10.62,-9.69,-11.54,19.50,112.50,157531.25,2.49,1.88,281.82,296.17,305.12,311.27,308.77,26.64,1,DOWN,OVERSOLD
T,AT&T Inc,NYSE,24.74,USD,-1.94,-4.07,-6.18,-13.13,-4.37,-0.20,-8.54,1.39,-17.00,538.28,2.21,2.42,25.51,26.22,27.04,26.37,26.64,34.55,1,DOWN,NEUTRAL
TMO,Thermo Fisher Scientific Inc.,NYSE,446.03,USD,-2.89,-5.33,-9.89,-15.33,-22.86,-23.03,3.44,-2.59,200.62,35349.62,3.41,3.01,464.80,487.76,487.15,529.31,527.37,35.08,1,DOWN,NEUTRAL
APH,Amphenol Corporation Class A,NYSE,124.64,USD,-2.53,-9.68,-10.97,-15.38,-4.37,-9.10,47.05,278.73,795.24,86137.26,5.23,3.89,134.54,140.14,136.29,140.11,132.30,35.65,1,DOWN,NEUTRAL
LOW,"Lowe's Companies, Inc.",NYSE,220.45,USD,-1.81,-4.36,-9.59,-23.82,-4.26,-8.72,-6.25,9.29,193.62,43445.25,2.17,2.51,228.55,238.19,238.87,252.43,249.42,35.05,1,DOWN,NEUTRAL
PGR,Progressive Corporation,NYSE,195.96,USD,-1.24,-0.95,1.01,-5.86,-11.76,-8.58,-30.09,83.98,486.36,366543.59,2.16,2.35,197.54,199.29,201.41,206.14,220.28,43.35,1,DOWN,NEUTRAL
CEG,Constellation Energy Corporation,NASDAQ,274.89,USD,-6.37,-14.21,-2.88,-1.27,-16.36,-23.22,-1.99,623.39,623.39,623.39,6.85,4.74,306.82,295.81,299.67,306.41,326.49,37.87,1,DOWN,NEUTRAL
ADBE,Adobe Inc.,NASDAQ,236.07,USD,-1.98,-6.33,3.93,-8.63,-29.09,-32.68,-40.37,-50.99,146.88,111814.40,3.12,3.45,248.92,244.26,248.93,274.09,309.42,41.58,1,DOWN,NEUTRAL
HCA,HCA Healthcare Inc,NYSE,427.54,USD,-0.50,-0.11,-13.42,-19.64,-10.14,-8.21,17.96,104.44,449.11,1270.32,2.25,2.88,430.08,460.80,480.19,487.82,460.47,33.84,1,DOWN,NEUTRAL
NOW,"ServiceNow, Inc.",NYSE,87.05,USD,-2.19,-4.97,2.69,-14.59,-48.31,-43.13,-57.45,-5.77,544.24,1732.63,3.91,4.76,90.48,93.20,100.71,113.61,145.84,40.30,1,DOWN,NEUTRAL
CMCSA,Comcast Corporation Class A,NASDAQ,24.94,USD,0.16,-5.92,-10.77,-23.73,-4.99,-10.92,-23.61,-53.98,-14.15,98146.14,2.74,3.29,26.07,27.64,28.53,29.03,28.74,30.74,1,DOWN,NEUTRAL
MCK,McKesson Corporation,NYSE,737.18,USD,0.34,-5.12,-14.82,-22.67,-13.24,-9.88,6.68,274.03,341.64,4367.76,3.92,2.60,766.96,825.17,859.06,866.06,814.55,24.50,1,DOWN,OVERSOLD
ICE,"Intercontinental Exchange, Inc.",NYSE,154.80,USD,-0.65,-0.30,-3.53,2.08,0.73,-4.05,-10.79,37.34,196.43,1884.62,2.30,2.47,155.83,159.41,159.37,161.92,163.68,43.37,1,DOWN,NEUTRAL
NOC,Northrop Grumman Corp.,NYSE,551.80,USD,-1.16,-1.28,-18.58,-18.94,-1.07,-3.12,15.27,48.73,154.29,25661.78,2.09,2.61,559.20,618.46,657.46,659.03,620.76,24.37,1,DOWN,OVERSOLD
ITW,Illinois Tool Works Inc.,NYSE,250.10,USD,-0.52,-3.05,-7.21,-16.61,2.09,1.40,-0.36,4.85,139.54,26577.33,1.87,2.21,254.41,263.32,264.94,267.56,261.04,36.19,1,DOWN,NEUTRAL
RCL,Royal Caribbean Group,NYSE,264.20,USD,2.36,-5.65,-2.51,-22.05,4.90,-5.13,8.52,231.45,243.34,2795.34,3.25,4.01,268.17,270.83,272.85,288.87,296.40,46.92,1,DOWN,NEUTRAL
ECL,Ecolab Inc.,NYSE,249.62,USD,-0.83,-4.60,-8.14,-18.05,-4.27,-4.43,-1.76,11.81,113.17,11230.27,2.44,2.50,256.00,265.10,267.63,275.51,272.39,34.60,1,DOWN,NEUTRAL
AON,Aon Plc Class A,NYSE,310.90,USD,-1.72,-1.74,-1.30,0.38,-11.64,-11.45,-12.94,22.65,194.00,11478.17,2.15,2.34,312.66,321.26,322.67,331.04,343.14,42.24,1,DOWN,NEUTRAL
MSI,"Motorola Solutions, Inc.",NYSE,397.89,USD,1.66,-8.53,-8.37,-11.50,4.02,3.80,-3.64,99.91,460.57,13139.70,4.29,2.37,418.28,432.71,442.76,427.83,429.78,32.87,1,DOWN,NEUTRAL
AZO,"AutoZone, Inc.",NYSE,3366.79,USD,-1.26,-5.49,-2.49,-10.17,-12.26,-0.25,-8.14,118.89,330.60,45745.65,2.62,2.54,3511.85,3514.61,3505.20,3551.29,3758.60,38.80,1,DOWN,NEUTRAL
COR,"Cencora, Inc.",NYSE,255.68,USD,-2.01,-4.60,-20.36,-30.07,-30.54,-24.17,-8.19,114.21,242.23,8822.61,3.16,2.84,276.74,304.11,317.36,334.81,327.35,23.37,1,DOWN,OVERSOLD
ADSK,"Autodesk, Inc.",NASDAQ,231.03,USD,-1.63,-5.85,5.97,-0.67,-21.90,-21.95,-21.47,-15.22,299.29,46106.46,3.19,3.24,241.89,238.18,242.20,251.71,278.17,42.51,1,DOWN,NEUTRAL
CAH,"Cardinal Health, Inc.",NYSE,186.35,USD,2.08,-2.94,-13.70,-17.24,-9.91,-8.91,25.78,231.29,141.89,20599.60,3.14,2.91,189.40,203.07,207.23,210.79,190.50,33.85,1,DOWN,NEUTRAL
CMG,"Chipotle Mexican Grill, Inc.",NYSE,32.11,USD,-1.71,-3.25,-5.42,-14.26,2.85,-13.80,-36.77,20.36,251.31,3467.78,3.17,3.16,32.65,33.71,33.63,36.05,37.24,42.03,1,DOWN,NEUTRAL
PYPL,"PayPal Holdings, Inc.",NASDAQ,45.23,USD,-0.46,-3.12,0.28,12.28,-29.45,-22.91,-37.54,-81.46,14.91,19.03,2.23,2.74,47.11,47.94,46.86,49.18,58.09,38.15,1,DOWN,NEUTRAL
TKO,"TKO Group Holdings, Inc. Class A",NYSE,183.70,USD,0.20,-2.48,-6.45,-12.39,0.94,-12.49,13.38,246.80,932.60,502.30,3.48,3.19,186.13,189.45,193.38,200.90,195.16,39.84,1,DOWN,NEUTRAL
MLM,"Martin Marietta Materials, Inc.",NYSE,576.79,USD,-0.75,-6.39,-8.02,-12.81,-3.67,-6.86,3.72,52.91,209.39,2242.29,2.51,2.56,599.32,610.00,602.25,629.41,622.30,35.27,1,DOWN,NEUTRAL
CCL,Carnival Corporation Ltd.,NYSE,25.03,USD,0.72,-8.32,-7.64,-24.90,-2.68,-18.44,12.65,-1.96,-50.49,535.68,3.81,3.95,26.08,26.86,26.24,28.62,28.71,42.00,1,DOWN,NEUTRAL
KVUE,"Kenvue, Inc.",NYSE,17.19,USD,-1.60,-1.32,-0.35,-6.93,2.20,-0.46,-28.08,-32.67,-32.67,-32.67,2.10,1.97,17.43,17.38,17.50,17.62,17.75,45.01,1,DOWN,NEUTRAL
KMB,Kimberly-Clark Corporation,NASDAQ,97.04,USD,-0.31,-0.93,0.49,-9.68,-7.59,-4.10,-28.59,-27.89,-25.26,48979.77,2.44,2.37,97.61,97.33,98.39,100.71,109.91,47.48,1,DOWN,NEUTRAL
A,"Agilent Technologies, Inc.",NYSE,112.74,USD,-0.14,-5.90,-1.91,-12.60,-22.42,-17.25,-2.33,-13.59,164.96,267.76,2.97,3.01,114.88,116.27,115.21,124.66,129.49,44.30,1,DOWN,NEUTRAL
CPRT,"Copart, Inc.",NASDAQ,32.94,USD,-1.50,-0.21,0.73,-16.61,-20.93,-15.85,-47.15,8.93,508.31,23323.83,2.30,2.03,33.37,33.32,33.75,36.45,40.32,42.10,1,DOWN,NEUTRAL
AXON,Axon Enterprise Inc,NASDAQ,376.82,USD,-4.28,-1.99,8.94,-14.01,-31.35,-34.28,-45.78,194.18,1818.64,64498.30,8.42,5.59,395.96,394.01,435.68,487.64,587.46,40.68,1,DOWN,NEUTRAL
WDAY,"Workday, Inc. Class A",NASDAQ,116.50,USD,-1.79,-8.16,1.92,-19.42,-48.41,-45.86,-56.33,-48.37,64.04,142.46,5.17,5.03,124.40,123.25,128.18,153.38,191.27,41.21,1,DOWN,NEUTRAL
IR,Ingersoll Rand Inc.,NYSE,71.39,USD,-2.49,-8.59,-15.99,-27.06,-4.79,-10.57,-15.51,48.92,235.95,235.95,3.21,3.38,76.04,80.95,81.99,85.40,82.32,31.64,1,DOWN,NEUTRAL
EXPE,"Expedia Group, Inc.",NASDAQ,217.55,USD,-1.77,-15.47,-4.15,-9.12,-18.44,-23.13,29.05,27.98,92.10,704.77,4.01,4.07,238.53,243.49,240.01,248.69,237.47,35.23,1,DOWN,NEUTRAL
ROL,"Rollins, Inc.",NYSE,52.82,USD,-0.30,-2.62,-2.71,-5.09,-8.57,-11.60,-4.95,44.91,329.66,19096.00,2.12,2.15,53.99,54.62,54.75,58.14,58.01,35.59,1,DOWN,NEUTRAL
FICO,Fair Isaac Corporation,NYSE,1064.64,USD,-1.97,-0.06,14.80,-21.72,-38.09,-37.04,-50.13,120.84,882.23,77588.78,3.51,5.68,1075.08,1049.03,1101.52,1308.11,1454.42,48.75,1,DOWN,NEUTRAL
WRB,W. R. Berkley Corporation,NYSE,65.43,USD,-1.70,-1.51,-0.37,-8.86,-15.25,-6.22,-9.68,84.78,292.65,40144.13,1.93,2.13,66.28,66.45,66.78,68.27,70.76,43.23,1,DOWN,NEUTRAL
STZ,"Constellation Brands, Inc. Class A",NYSE,140.52,USD,-1.41,-7.13,-16.61,-14.32,8.23,1.53,-25.79,-39.50,-13.26,7339.22,3.03,2.82,148.36,154.79,153.04,153.17,148.89,32.86,1,DOWN,NEUTRAL
SYF,Synchrony Financial,NYSE,69.81,USD,-1.45,-6.42,-2.62,-5.12,-4.37,-16.60,15.03,52.79,140.39,203.52,2.84,2.57,73.32,73.99,70.88,74.20,74.23,37.71,1,DOWN,NEUTRAL
DXCM,"DexCom, Inc.",NASDAQ,58.57,USD,-4.20,-1.91,-8.47,-13.88,-0.81,-12.10,-30.88,-28.29,266.92,1839.40,3.12,3.76,60.13,61.79,63.71,67.04,68.45,40.53,1,DOWN,NEUTRAL
DG,Dollar General Corporation,NYSE,101.75,USD,-1.19,-12.70,-11.44,-31.25,-2.00,-23.37,14.26,-50.90,22.10,362.50,4.26,3.37,111.73,117.78,123.16,134.56,121.34,24.08,1,DOWN,OVERSOLD
ULTA,Ulta Beauty Inc.,NASDAQ,492.14,USD,-2.58,-8.44,-5.43,-28.67,-7.15,-18.80,19.22,57.62,137.72,1391.35,2.88,2.83,521.25,535.88,547.74,603.18,567.79,30.59,1,DOWN,NEUTRAL
OMC,Omnicom Group Inc,NYSE,74.24,USD,-2.37,-5.38,-0.15,6.50,1.84,-8.06,-4.33,-11.40,-11.65,6623.59,2.76,2.67,76.39,76.52,77.25,77.50,76.75,39.39,1,DOWN,NEUTRAL
VLTO,Veralto Corporation,NYSE,85.85,USD,-1.01,-2.88,-3.90,-9.70,-13.27,-13.48,-14.53,11.13,11.13,11.13,2.32,2.54,87.38,88.76,89.26,93.74,98.69,40.22,1,DOWN,NEUTRAL
STE,STERIS plc,NYSE,211.10,USD,0.12,-1.81,-4.88,-13.51,-19.04,-16.70,-9.43,5.59,196.07,11546.90,5.29,3.12,211.60,218.38,220.09,237.66,242.51,42.95,1,DOWN,NEUTRAL
WSM,"Williams-Sonoma, Inc.",NYSE,172.06,USD,-1.90,-6.30,-10.27,-19.82,-6.65,-5.81,-2.28,103.55,540.70,33082.17,3.47,3.36,179.27,186.64,185.38,194.64,193.49,35.36,1,DOWN,NEUTRAL
RL,Ralph Lauren Corporation Class A,NYSE,331.62,USD,-1.64,-9.75,-10.93,-8.72,0.62,-6.59,24.54,150.92,285.56,932.28,4.09,3.20,353.12,364.91,355.09,358.77,340.18,36.07,1,DOWN,NEUTRAL
IP,International Paper Company,NYSE,31.98,USD,-2.71,-2.56,-11.85,-34.99,-13.82,-19.08,-33.44,-45.99,-20.55,343.84,2.89,4.09,32.22,34.25,35.38,39.16,41.66,40.76,1,DOWN,NEUTRAL
DLTR,"Dollar Tree, Inc.",NASDAQ,86.80,USD,-2.53,-9.28,-11.63,-31.02,-16.15,-29.26,-2.23,-21.11,9.28,7326.72,4.15,4.09,93.29,99.88,104.12,115.62,110.46,28.10,1,DOWN,OVERSOLD
WY,Weyerhaeuser Company,NYSE,23.10,USD,-1.49,-3.91,-6.29,-16.00,3.31,-2.65,-14.51,-39.72,-25.82,774.44,2.17,2.41,23.70,24.36,24.12,24.78,24.44,36.02,1,DOWN,NEUTRAL
PTC,PTC Inc.,NASDAQ,140.81,USD,-2.36,3.85,5.01,-9.51,-19.07,-19.23,-17.40,10.64,295.42,7624.39,3.77,2.94,141.06,139.66,144.71,154.17,175.55,48.75,1,DOWN,NEUTRAL
DECK,Deckers Outdoor Corporation,NYSE,93.93,USD,-1.01,-8.76,-12.77,-19.93,14.20,-9.95,-26.80,72.97,1019.32,8570.53,2.84,3.05,99.18,104.07,103.19,105.82,103.27,34.42,1,DOWN,NEUTRAL
HII,"Huntington Ingalls Industries, Inc.",NYSE,334.22,USD,0.20,3.17,-15.60,-16.46,8.05,-1.72,45.71,54.52,117.80,835.67,3.46,3.58,335.05,369.66,385.58,393.24,341.41,36.07,1,DOWN,NEUTRAL
AVY,Avery Dennison Corporation,NYSE,158.74,USD,-0.86,-4.14,-7.02,-18.05,-9.63,-12.64,-13.24,-28.22,108.27,2420.93,2.10,2.38,162.60,167.12,168.83,178.52,174.41,36.32,1,DOWN,NEUTRAL
COO,"Cooper Companies, Inc.",NASDAQ,59.47,USD,-0.80,-3.30,-15.93,-28.56,-16.44,-27.56,-29.36,-39.02,52.79,730.69,2.37,2.69,60.87,65.98,68.66,75.50,73.66,25.79,1,DOWN,OVERSOLD
JKHY,"Jack Henry & Associates, Inc.",NASDAQ,141.43,USD,-2.28,-4.99,-4.11,-15.24,-14.50,-22.26,-22.17,-10.56,68.29,37613.06,2.83,2.43,147.42,151.71,156.74,166.64,164.46,31.45,1,DOWN,NEUTRAL
WYNN,"Wynn Resorts, Limited",NASDAQ,96.21,USD,-1.07,-11.14,-7.29,-17.05,-20.33,-19.88,1.59,-22.37,3.98,640.08,3.77,3.08,103.24,104.54,103.18,109.28,115.25,33.74,1,DOWN,NEUTRAL
IT,"Gartner, Inc.",NYSE,144.46,USD,-5.56,-2.97,-0.44,-10.94,-37.41,-42.31,-67.60,-37.46,47.45,4522.72,5.22,4.33,151.08,151.85,155.41,180.45,213.73,40.04,1,DOWN,NEUTRAL
BAX,Baxter International Inc.,NYSE,17.31,USD,-3.24,1.88,2.06,-11.32,-6.94,-10.31,-45.29,-79.32,-62.01,1172.53,3.87,4.25,17.33,17.57,17.43,18.80,20.29,47.36,1,DOWN,NEUTRAL
TAP,Molson Coors Beverage Company Class B,NYSE,41.42,USD,0.19,-2.77,-7.96,-22.33,-11.78,-11.89,-24.62,-29.04,-58.44,171.61,2.33,2.62,42.03,43.17,43.33,46.13,46.77,40.50,1,DOWN,NEUTRAL
HSIC,"Henry Schein, Inc.",NASDAQ,69.45,USD,0.14,-7.56,-7.44,-15.08,-4.51,-8.20,-1.70,-13.97,3.02,1457.70,3.28,3.05,71.65,74.81,74.93,76.45,72.59,33.70,1,DOWN,NEUTRAL
FDS,FactSet Research Systems Inc.,NYSE,201.87,USD,-6.51,-6.60,-4.97,3.95,-27.22,-30.04,-55.92,-38.88,33.27,4810.30,5.52,4.30,219.54,225.27,218.81,235.95,275.68,35.68,1,DOWN,NEUTRAL
MOS,Mosaic Company,NYSE,22.78,USD,1.74,-2.02,-9.35,-26.52,-10.23,-5.48,-31.53,-35.10,-10.00,98.09,4.93,3.67,22.83,24.09,25.09,26.13,28.14,41.84,1,DOWN,NEUTRAL
TECH,Bio-Techne Corporation,NASDAQ,44.89,USD,-5.34,-20.80,-19.00,-28.54,-24.47,-23.67,-16.01,-54.93,78.10,40942.29,6.16,6.20,50.82,54.19,53.52,58.16,57.92,34.64,1,DOWN,NEUTRAL
PLTR,Palantir Technologies Inc. Class A,NASDAQ,130.05,USD,-4.37,-2.74,-0.14,-3.92,-22.11,-28.27,8.45,579.47,1200.50,1200.50,4.18,4.04,137.67,140.66,145.17,152.39,163.59,38.39,0,DOWN,NEUTRAL
HD,"Home Depot, Inc.",NYSE,302.55,USD,-2.55,-6.03,-9.83,-23.12,-17.32,-11.90,-20.59,-7.28,126.10,861424.00,2.18,2.21,316.81,329.39,333.41,352.37,368.55,31.64,0,DOWN,NEUTRAL
IBM,International Business Machines Corporation,NYSE,214.64,USD,-2.09,-6.17,-8.13,-20.59,-28.45,-27.87,-15.64,54.86,51.03,1365.14,2.64,2.61,226.59,236.62,240.95,263.25,270.80,32.44,0,DOWN,NEUTRAL
ISRG,"Intuitive Surgical, Inc.",NASDAQ,432.27,USD,0.09,-4.28,-3.55,-12.87,-22.74,-23.73,-23.04,57.58,513.61,21513.54,3.58,3.19,445.86,457.44,465.84,497.45,497.66,37.66,0,DOWN,NEUTRAL
ABT,Abbott Laboratories,NYSE,83.83,USD,-0.62,-4.25,-16.27,-25.98,-35.16,-32.77,-36.37,-28.95,121.42,50814.37,2.71,2.53,86.33,93.90,99.38,108.30,118.97,26.98,0,DOWN,OVERSOLD
CRM,"Salesforce, Inc.",NYSE,165.84,USD,-3.19,-10.61,-0.72,-10.82,-30.41,-37.42,-43.01,-22.57,118.21,4322.40,3.20,3.59,179.68,179.76,184.89,204.06,225.15,36.68,0,DOWN,NEUTRAL
SPGI,"S&P Global, Inc.",NYSE,406.55,USD,-4.15,-3.71,-2.46,4.23,-19.02,-22.09,-21.57,6.98,284.48,13594.32,2.76,2.49,423.00,430.29,429.13,459.30,485.75,33.86,0,DOWN,NEUTRAL
BKNG,Booking Holdings Inc.,NASDAQ,155.03,USD,-3.44,-10.51,-9.19,-9.39,-23.73,-27.65,-24.92,72.17,204.22,697.48,3.48,3.65,165.01,174.36,173.63,184.04,197.89,34.14,0,DOWN,NEUTRAL
DHR,Danaher Corporation,NYSE,165.99,USD,-0.16,-6.08,-12.02,-24.18,-24.26,-27.46,-17.39,-26.25,152.14,27764.09,2.57,2.72,172.33,183.89,186.99,205.67,207.68,25.46,0,DOWN,OVERSOLD
COF,Capital One Financial Corp,NYSE,181.54,USD,-1.18,-5.56,-4.97,-16.34,-15.15,-25.70,-9.12,15.65,162.53,3303.91,2.40,2.45,188.75,192.66,188.91,207.50,213.34,35.70,0,DOWN,NEUTRAL
INTU,Intuit Inc.,NASDAQ,371.71,USD,-4.13,-4.69,4.85,-6.59,-42.86,-43.73,-43.72,-8.64,263.99,16120.23,3.55,3.82,393.72,393.49,414.64,469.49,573.67,39.88,0,DOWN,NEUTRAL
ACN,Accenture Plc Class A,NYSE,159.64,USD,-5.97,-11.06,-11.79,-30.67,-35.04,-40.61,-50.41,-44.35,37.36,957.22,4.84,3.57,175.46,184.93,191.19,221.95,236.15,26.61,0,DOWN,OVERSOLD
MDT,Medtronic Plc,NYSE,76.21,USD,-0.79,-2.52,-12.40,-24.64,-20.46,-20.65,-10.86,-38.93,-5.91,24211.19,2.55,2.29,77.63,82.74,85.04,92.01,93.59,32.37,0,DOWN,NEUTRAL
BSX,Boston Scientific Corporation,NYSE,53.06,USD,-1.92,-4.93,-13.72,-27.69,-49.18,-44.57,-48.58,26.82,141.18,1148.47,3.08,3.39,55.40,59.89,63.73,75.40,87.99,30.46,0,DOWN,NEUTRAL
MRSH,"Marsh & McLennan Companies, Inc.",NYSE,159.14,USD,-2.60,-5.38,-5.74,-7.49,-13.78,-13.70,-29.71,17.60,147.69,154606.74,2.57,2.44,164.63,170.74,172.45,177.66,185.94,34.63,0,DOWN,NEUTRAL
SHW,Sherwin-Williams Company,NYSE,306.34,USD,-1.68,-5.16,-8.33,-17.21,-9.14,-5.23,-14.50,6.61,210.83,61168.00,2.33,2.63,315.38,325.95,324.11,336.97,341.02,36.40,0,DOWN,NEUTRAL
CTAS,Cintas Corporation,NASDAQ,163.55,USD,-1.13,-3.40,-6.51,-18.32,-13.11,-12.81,-24.77,84.15,613.72,68661.97,2.35,2.17,168.05,172.76,178.29,185.90,192.22,31.22,0,DOWN,NEUTRAL
DASH,"DoorDash, Inc. Class A",NASDAQ,149.07,USD,-3.94,-11.40,-0.92,-15.62,-24.21,-35.11,-22.40,30.71,-18.09,-18.09,5.65,4.71,164.80,167.46,165.72,183.80,213.91,34.00,0,DOWN,NEUTRAL
NKE,"NIKE, Inc. Class B",NYSE,42.34,USD,-0.02,-2.96,0.26,-32.07,-34.80,-33.84,-32.38,-68.48,-26.67,23463.10,2.12,2.41,43.44,44.22,48.25,55.71,62.75,31.88,0,DOWN,NEUTRAL
AJG,Arthur J. Gallagher & Co.,NYSE,192.00,USD,-2.74,-7.43,-10.40,-6.42,-25.64,-25.32,-42.50,30.83,305.66,10313.56,3.32,2.89,201.30,213.05,213.56,228.10,253.85,28.16,0,DOWN,OVERSOLD
VST,Vistra Corp.,NYSE,142.61,USD,-2.90,-11.69,-6.58,-11.27,-14.70,-12.98,-1.08,781.94,841.32,841.32,5.49,4.24,153.58,156.56,157.26,160.32,176.32,37.25,0,DOWN,NEUTRAL
IDXX,"IDEXX Laboratories, Inc.",NASDAQ,528.68,USD,-0.98,-5.90,-5.48,-18.85,-24.03,-21.85,3.87,1.45,507.47,55826.45,3.41,3.40,556.05,567.96,575.04,623.60,641.84,35.33,0,DOWN,NEUTRAL
PEG,Public Service Enterprise Group Inc,NYSE,77.22,USD,-1.78,-3.64,-6.47,-8.24,-6.26,-4.42,-2.10,23.85,66.57,612.80,1.99,2.13,78.98,80.41,81.20,81.38,82.07,39.07,0,DOWN,NEUTRAL
LVS,Las Vegas Sands Corp.,NYSE,51.32,USD,-0.74,-3.17,-4.27,-11.32,-21.08,-21.29,21.15,-8.37,13.41,22.48,2.54,2.82,52.77,54.24,54.07,56.94,57.23,39.21,0,DOWN,NEUTRAL
ROP,"Roper Technologies, Inc.",NASDAQ,316.25,USD,-2.37,-10.74,-7.95,-5.45,-29.23,-28.89,-45.27,-28.08,78.87,15712.50,3.42,2.73,343.98,352.72,353.07,371.27,431.40,24.09,0,DOWN,OVERSOLD
ZTS,"Zoetis, Inc. Class A",NYSE,74.34,USD,-3.38,-34.61,-36.55,-43.89,-38.59,-41.19,-53.75,-56.71,62.14,136.00,6.49,3.48,96.37,111.15,113.98,120.00,129.84,11.66,0,DOWN,OVERSOLD
RMD,ResMed Inc.,NYSE,202.37,USD,-0.70,-2.29,-11.30,-20.84,-19.06,-16.29,-18.43,3.58,250.48,26882.67,2.44,2.60,206.44,218.41,224.77,239.48,253.27,33.94,0,DOWN,NEUTRAL
OTIS,Otis Worldwide Corporation,NYSE,73.24,USD,-1.16,-4.65,-8.62,-18.60,-19.17,-16.03,-25.16,-5.68,83.10,83.10,2.65,2.51,75.68,78.07,79.71,84.67,86.81,32.96,0,DOWN,NEUTRAL
FISV,"Fiserv, Inc.",NASDAQ,52.37,USD,-4.57,-9.02,-6.31,-16.25,-18.17,-22.45,-72.16,-54.07,-0.33,18799.87,2.99,2.99,57.49,59.02,58.60,61.55,84.89,30.29,0,DOWN,NEUTRAL
NRG,"NRG Energy, Inc.",NYSE,131.08,USD,-4.56,-14.43,-19.08,-19.19,-18.71,-18.88,-12.40,286.78,741.34,1279.79,4.75,4.21,145.75,154.33,153.62,156.56,159.37,30.91,0,DOWN,NEUTRAL
XYL,Xylem Inc.,NYSE,109.01,USD,-2.27,-7.71,-15.02,-14.80,-25.65,-20.02,-14.29,-6.65,152.16,363.87,2.28,2.66,114.53,120.50,120.81,128.56,135.99,31.12,0,DOWN,NEUTRAL
VEEV,Veeva Systems Inc Class A,NYSE,155.73,USD,-2.31,-7.85,2.81,-13.42,-45.75,-30.29,-35.40,-37.22,468.57,309.82,3.52,3.82,164.54,164.32,172.24,189.23,232.63,38.39,0,DOWN,NEUTRAL
EXE,Expand Energy Corporation,NASDAQ,95.65,USD,-0.81,-1.65,-3.91,-7.80,-18.03,-13.03,-15.20,95.20,122.44,122.44,2.14,2.42,98.19,98.39,102.38,104.53,104.93,39.75,0,DOWN,NEUTRAL
WTW,Willis Towers Watson Public Limited Company,NASDAQ,242.12,USD,-3.71,-8.56,-13.41,-13.92,-25.64,-26.06,-21.07,-8.36,95.40,453.94,2.92,2.96,254.22,278.34,283.62,300.59,314.50,26.19,0,DOWN,OVERSOLD
FIS,"Fidelity National Information Services, Inc.",NYSE,42.60,USD,-0.95,-8.64,-2.25,-12.02,-35.43,-35.94,-46.03,-71.53,-40.69,224.73,3.66,3.02,45.16,46.13,47.43,52.66,60.10,34.93,0,DOWN,NEUTRAL
CTSH,Cognizant Technology Solutions Corporation Class A,NASDAQ,45.97,USD,-3.69,-10.82,-20.66,-34.71,-37.33,-44.61,-43.82,-35.89,-24.58,21965.85,4.06,3.38,50.70,56.32,58.59,68.17,70.01,16.86,0,DOWN,OVERSOLD
PHM,"PulteGroup, Inc.",NYSE,112.97,USD,-1.38,-7.02,-6.84,-19.31,-4.59,-4.63,5.01,93.24,523.80,69868.23,2.66,3.10,117.21,121.08,120.96,125.15,125.53,37.45,0,DOWN,NEUTRAL
VRSK,"Verisk Analytics, Inc.",NASDAQ,161.47,USD,-2.92,-9.27,-2.05,-6.58,-25.93,-27.25,-46.82,-7.23,108.08,498.04,3.42,3.65,173.86,176.30,185.75,196.57,219.74,33.46,0,DOWN,NEUTRAL
LEN,Lennar Corporation Class A,NYSE,84.97,USD,-1.04,-4.19,-3.87,-30.24,-30.06,-17.51,-25.18,-14.83,94.75,15075.71,2.72,2.99,87.39,89.37,91.58,102.22,114.00,38.94,0,DOWN,NEUTRAL
LH,Labcorp Holdings Inc.,NYSE,254.42,USD,-1.14,-1.02,-1.81,-12.88,-4.70,1.24,1.89,6.84,135.81,1115.00,1.87,2.67,255.87,263.95,265.49,267.14,268.72,39.74,0,DOWN,NEUTRAL
MTD,Mettler-Toledo International Inc.,NYSE,1025.53,USD,-4.38,-22.69,-22.45,-26.03,-26.54,-26.69,-12.33,-18.29,179.20,7192.66,4.94,3.47,1205.50,1267.54,1252.14,1330.00,1334.12,25.17,0,DOWN,OVERSOLD
CHTR,"Charter Communications, Inc. Class A",NASDAQ,143.06,USD,-3.29,-9.80,-34.55,-41.08,-29.95,-31.70,-64.41,-79.30,-39.18,291.98,4.16,6.47,157.09,196.89,206.04,209.87,227.47,25.68,0,DOWN,OVERSOLD
EFX,Equifax Inc.,NYSE,159.94,USD,-4.09,-6.61,-9.93,-18.96,-22.62,-26.13,-42.88,-32.50,30.39,10459.51,3.45,3.68,170.92,178.58,181.58,194.54,213.44,30.75,0,DOWN,NEUTRAL
BRO,"Brown & Brown, Inc.",NYSE,54.38,USD,-2.49,-6.48,-16.44,-21.06,-32.36,-31.83,-50.73,3.86,208.54,30488.37,3.25,3.02,56.95,63.32,65.14,70.21,79.33,25.74,0,DOWN,OVERSOLD
GIS,"General Mills, Inc.",NYSE,33.61,USD,-1.52,-3.59,-5.38,-31.34,-29.77,-27.69,-38.71,-47.59,-47.98,3671.87,3.11,2.52,34.60,35.28,36.84,41.32,44.93,35.79,0,DOWN,NEUTRAL
BR,"Broadridge Financial Solutions, Inc.",NYSE,143.93,USD,-3.75,-5.12,-5.09,-13.72,-36.20,-35.51,-39.56,-11.32,134.49,699.61,3.47,3.08,151.30,156.54,164.19,183.25,211.18,28.27,0,DOWN,OVERSOLD
TSCO,Tractor Supply Company,NASDAQ,29.85,USD,-2.42,-10.12,-33.86,-45.29,-46.69,-40.26,-43.28,-20.00,60.38,10396.70,3.68,3.80,31.95,38.73,42.24,47.32,52.01,16.07,0,DOWN,OVERSOLD
LDOS,"Leidos Holdings, Inc.",NYSE,124.17,USD,-3.29,-8.63,-19.99,-29.13,-35.02,-30.86,-20.20,19.82,152.22,165.91,3.81,3.43,136.10,147.88,155.56,170.48,177.84,18.94,0,DOWN,OVERSOLD
NVR,"NVR, Inc.",NYSE,5720.10,USD,-1.30,-8.90,-15.18,-29.81,-21.64,-21.51,-22.86,15.84,247.52,1760.20,2.63,3.13,5991.56,6459.95,6526.82,7048.26,7403.83,28.82,0,DOWN,OVERSOLD
LULU,lululemon athletica inc.,NASDAQ,121.21,USD,-3.13,-8.10,-25.27,-31.44,-26.90,-42.07,-60.74,-60.83,97.06,869.68,2.61,3.33,130.00,147.99,153.28,172.75,177.00,25.47,0,DOWN,OVERSOLD
GPC,Genuine Parts Company,NYSE,98.87,USD,-1.86,-6.59,-7.99,-34.09,-22.66,-19.70,-19.28,-24.66,1.99,4100.14,2.24,2.76,103.65,106.86,106.59,118.80,126.05,33.35,0,DOWN,NEUTRAL
CSGP,"CoStar Group, Inc.",NASDAQ,31.97,USD,-3.27,-8.53,-11.53,-33.01,-53.22,-52.36,-57.58,-60.93,60.66,3452.22,4.35,4.57,33.94,36.80,39.61,48.79,64.19,28.37,0,DOWN,OVERSOLD
CDW,CDW Corporation,NASDAQ,100.40,USD,1.11,-21.25,-19.91,-25.61,-31.03,-26.82,-46.83,-40.90,141.81,469.16,5.15,4.30,117.13,126.46,123.79,127.54,142.01,25.23,0,DOWN,OVERSOLD
TRMB,Trimble Inc.,NASDAQ,54.90,USD,-2.85,-21.34,-14.99,-16.49,-28.28,-30.38,-22.24,-26.80,131.16,3074.92,4.48,3.22,62.82,65.46,66.00,69.24,74.93,21.22,0,DOWN,OVERSOLD
J,Jacobs Solutions Inc.,NYSE,107.27,USD,-6.03,-15.28,-11.37,-24.69,-28.80,-19.14,-15.18,-7.33,160.59,31530.70,5.25,3.44,123.19,125.86,127.66,132.80,140.26,26.79,0,DOWN,OVERSOLD
TYL,"Tyler Technologies, Inc.",NYSE,298.59,USD,-3.57,-7.75,-6.38,-6.69,-35.76,-33.74,-47.39,-23.51,100.99,8066.56,3.85,4.05,322.85,331.62,338.82,367.93,441.43,32.81,0,DOWN,NEUTRAL
MKC,"McCormick & Company, Incorporated",NYSE,45.60,USD,-2.63,-7.20,-15.10,-35.35,-31.14,-33.18,-40.38,-49.45,-7.66,5354.95,2.84,2.85,48.18,50.57,53.20,60.21,63.78,26.88,0,DOWN,OVERSOLD
PNR,Pentair plc,NYSE,73.63,USD,-2.17,-6.90,-18.37,-27.20,-30.12,-29.35,-25.09,8.60,85.40,32360.72,2.92,3.01,77.52,85.03,86.66,94.73,100.97,25.95,0,DOWN,OVERSOLD
BBY,"Best Buy Co., Inc.",NYSE,55.52,USD,-2.94,-3.99,-7.54,-17.25,-28.05,-17.65,-25.44,-53.58,80.03,33211.33,3.01,3.08,58.24,61.46,62.36,64.75,69.99,33.09,0,DOWN,NEUTRAL
APTV,Aptiv PLC,NYSE,54.21,USD,-1.35,-2.25,-8.03,-24.15,-19.65,-16.71,-4.46,-53.76,10.09,259.54,3.20,3.54,57.15,58.94,59.29,63.37,65.28,36.18,0,DOWN,NEUTRAL
ALLE,Allegion Public Limited Company,NYSE,130.64,USD,-0.50,-2.65,-9.74,-27.80,-20.01,-17.96,-9.32,-6.41,97.70,166.67,2.01,2.44,133.85,140.38,142.88,153.84,161.45,33.42,0,DOWN,NEUTRAL
HRL,Hormel Foods Corporation,NYSE,19.91,USD,-1.34,-5.19,-3.07,-16.87,-12.45,-16.34,-32.37,-57.95,-50.35,16889.79,2.29,2.54,20.65,21.09,21.87,23.07,23.94,32.17,0,DOWN,NEUTRAL
PODD,Insulet Corporation,NASDAQ,148.84,USD,-6.01,-10.90,-23.96,-40.90,-55.43,-47.86,-53.00,-34.43,444.60,775.53,5.64,4.84,161.33,184.58,201.71,234.63,276.93,28.89,0,DOWN,OVERSOLD
DPZ,"Domino's Pizza, Inc.",NASDAQ,308.48,USD,-0.54,-7.72,-15.58,-19.71,-24.65,-25.97,-36.26,-27.30,154.88,2517.90,3.57,2.93,325.19,351.62,363.91,384.61,407.50,28.14,0,DOWN,OVERSOLD
ERIE,Erie Indemnity Company Class A,NASDAQ,212.66,USD,-2.67,-3.88,-15.68,-24.01,-26.33,-25.38,-40.54,3.89,119.37,1215.44,3.20,4.08,216.02,236.21,240.91,260.33,289.99,35.10,0,DOWN,NEUTRAL
TTD,"Trade Desk, Inc. Class A",NASDAQ,20.49,USD,-3.07,-17.45,1.69,-25.03,-51.38,-46.35,-74.39,-59.30,612.70,612.70,7.25,5.43,23.03,22.54,23.54,27.77,39.17,36.21,0,DOWN,NEUTRAL
AOS,A. O. Smith Corporation,NYSE,56.98,USD,-1.91,-4.92,-13.39,-29.35,-13.47,-15.03,-19.23,-19.94,45.26,5159.64,2.58,2.97,59.34,63.15,64.69,69.01,69.30,28.64,0,DOWN,OVERSOLD
BLDR,"Builders FirstSource, Inc.",NYSE,72.32,USD,-0.63,-6.97,-14.18,-43.26,-30.04,-29.71,-40.00,49.11,533.83,337.77,3.84,4.66,75.99,82.69,84.55,99.28,111.08,33.19,0,DOWN,NEUTRAL
NCLH,Norwegian Cruise Line Holdings Ltd.,NYSE,16.06,USD,0.37,-8.49,-16.83,-30.72,-12.29,-28.69,-16.44,-40.28,-65.87,-36.02,4.09,4.52,17.18,18.70,19.12,20.99,21.83,34.40,0,DOWN,NEUTRAL